단어,빈도수
수요,28
늘,5
고,123
신,1848
사업,3442
호재,20
LPG,44
업계,409
수익,72
성,373
좋아진다,2
더벨,275
Peer,2
Match,2
UpSK,2
가스,921
vs,48
E,34
대등해진,2
어깨,2
차이,2
가를,2
성과,191
기획,351
포토,8
폴리오,5
재,115
편하는,4
수,1819
입사,7
SK,1865
“,592
기름,20
집은,9
울상,2
인데,5
미소,3
”,591
계속,49
잘,19
나가는,13
이유,148
는,721
비즈,57
울,59
웃고,5
IB,32
토마토,52
사,682
진단,42
①,122
LNG,134
찍고,27
수소,5130
안착,37
준비,110
윤병석,5
사장,976
이,666
꿈꾸는,46
울산,125
모델,29
Who,1568
Is,1488
대표이사,986
다가오는,11
소,1600
경,189
제,290
제국,12
롯데,962
케미칼,681
亞,9
유럽,33
공급망,118
구축,414
위,319
의,1233
야심,15
찬,16
출사표,45
빅,75
될,29
것,127
을,207
움직이는,32
사람,25
들,745
화학,561
전문가,23
황,40
진구,28
부사,32
장,234
밸류,226
체인,247
핵심,147
안재현,32
내정자,22
한국,931
주요,542
기업,1742
연말,24
결산,112
②,136
그룹,1447
군,53
미래,1061
박차,316
월,903
주차,161
국내,772
ESG,592
핫클립,251
사우디,246
네,78
옴,71
시티,67
그린,968
에,2232
기회,126
에너지,1663
社,39
청정,213
본격,317
화,665
년,1029
충전,273
개,219
짓겠다,3
분기,159
영업,147
이익,82
억원,49
↑,121
첫,108
중간배당,2
원,203
의결,5
배정,28
철,78
이야기,33
현,536
대,1057
오,345
일,559
뱅크,214
에쓰오일,30
외,143
더,128
벨신,5
추진,371
연내,35
유라시아,1
권,130
매각,63
할까,67
주간,40
뉴스,196
_,24
산업,1012
삼성,722
전자,144
등,768
묘,1
한,877
따로,4
또,30
같이,27
진출,151
우려,38
시선,11
개월,19
만에,120
배터리,377
MA,81
투자,1735
ES,321
전략,396
각자,6
도생,6
최,27
창원,38
부회장,445
디스커버리,12
청사진,46
은,746
소위,13
크,12
株,48
뜬다,35
효성,730
重,90
주목,221
조원,297
키운다,66
집중,236
해외,525
법인,327
도,516
실적,281
개선,141
으로,673
지원,153
사격,4
현대차,717
SKLG,45
내년,130
중심,77
강화,264
방점,31
값,5
급등,93
관련,340
훨훨,9
품은,7
공사,516
시경,4
View,1
김교현,64
체제,53
전환,398
속도,372
낸다,82
LG,595
석유화학,96
에서,248
바이오,195
로,1062
신동빈,50
믿을,2
맨,10
열,83
정년,2
내,74
매출,135
조,811
목표,177
정유,257
갈등,7
봉합,6
부터,171
육성,132
까지,437
경쟁,191
脫,56
모색,63
하는,267
코오롱,199
합종연횡,56
키워라,2
전,373
방위,32
협업,45
나서는,26
석화,40
승진,45
이제,104
다,300
⑯,18
폭넓게,18
이어지는,18
계,498
동맹,226
바람,90
타고,42
탈,97
릴레이,34
강국,33
가는,35
길,79
앞장,61
최태원,222
경영,424
과도,5
상통,2
창간,129
특집,206
와,592
이슈,350
분석,76
맞,205
손수,4
경제,883
빨라진다,11
서,577
살아남으려면,4
가속,217
설치,13
벙커,12
링,15
내는,51
깊어지는,6
K,328
자,119
양극화,9
로봇,98
선제,30
효과,28
시,150
총,166
상위,6
대기업,202
떠받쳐,6
벌겠다,2
체질,48
확,16
바꾼다,15
에코,270
플랜트,384
놓고,7
짝,4
찾기,19
혼자,2
못,19
해,125
좋은,16
찾아야,4
몸집,13
키우는,25
두,79
자릿수,2
눈앞,3
회장,902
겸,242
상공회의소,30
건설,1269
CEO,187
라오스,1
악재,10
이후,19
수주,218
가뭄,10
리뷰,81
리스크,23
넘고,27
혁신,152
깃발,1
꽂는다,1
프로필렌,1
생산,406
개시,4
비바,14
기술,624
세,292
교체,43
새,196
영,71
진수,1
전기차,205
폴,1
더블,3
폰,1
G,33
日中,12
주도,167
뺏,12
겨선,12
안,75
돼,16
日,47
엑스포,43
뜨거운,15
열기,18
최윤,55
범,57
고려아연,234
감소,32
원가,4
상승,93
이중고,10
발굴,77
탄소,667
시대,344
드라이버,4
도약,216
친환경,1067
주,984
항만,13
허브,51
재탄생,2
최재원,39
수석,60
온,57
조현준,258
스마트,40
비상,28
채비,20
항,27
新,117
해양,67
르네상스,5
이끈다,57
우보,1
상상력,1
힘,85
이사회,18
가동,66
D,29
GPS,2
받는,18
얼굴,4
독립,9
속,205
총괄,100
대표,287
최대,130
성과급,8
잔치,7
벌인,3
구자용,3
시급한,3
올해,209
으로의,12
리,24
포지셔닝,12
하,114
신년,97
개항,4
거점,29
선도,316
한다,144
차세대,96
탈바꿈,34
글로벌,493
산시,48
민선,20
기,253
유치,185
총력전,24
큰,45
제조업,341
전망,484
③,110
불,90
붙는,19
연료,391
쟁탈전,12
동북아,7
물류,88
선점,194
오늘,181
정밀,10
협회,29
GS,729
로템,118
포스코,888
판,36
짜기,3
한창,3
먹거리,243
노력,13
高,26
적자,55
돌아선,6
성장동력,122
찾는다,52
사면,10
대감,81
솔솔,15
확대,429
美,218
공장,199
인수,82
뉴,75
기후변화,9
석유,63
과제,86
로그인,22
㉝,2
디,23
앤디,21
지,231
분,66
전량,11
매입,2
프롭,1
테크,29
임원,33
인사,105
승부사,6
선택,26
변화,55
보다는,1
안정,38
올인,45
이노베이션,68
복귀,8
하나,61
;,3
동아,1
쏘시오,1
보성,15
증권,157
리포트,224
지난주,29
모아,22
보기,69
대체,6
불가능한,1
플랫폼,59
하이,71
투,42
證,18
쿠콘,1
의견,10
BUY,6
外,234
對,4
LGSK,11
삼총사,4
승자,4
LS,86
구자,1
은시,1
젊게,1
명노현,1
중용,1
하고,45
외부,1
인재,35
김종우,1
입,8
발전,894
중립,417
실현,49
정책,90
간,178
쇼핑,8
생존,96
딥,13
체인지,20
일자,22
비즈니스,83
포스트,35
아침,21
기사,91
주말,2
리스트,2
이번,28
많이,3
오른,14
가치주,1
선,247
열교환기,10
확장,195
업고,19
KIB,6
플러그,83
한전기술,6
우석,2
엔씨,3
과,582
폐,68
플라스틱,44
협력,408
MOU,127
박현철,12
한화,1059
임팩트,30
두산,574
너,341
빌리,150
티,171
생태계,299
조직,47
대폭,12
허윤,40
홍,135
보폭,22
넓힌다,25
부문,130
특징,60
태양,21
금속,12
우,27
덕,79
성우,6
농화,3
STX,10
피씨,3
엘,13
범한,26
퓨얼,119
셀,120
씨,146
에스,32
윈드,5
클래,3
시스,3
전선,11
아시아,16
로보틱스,9
김영,3
인더스,17
트리,34
김승모,8
신학,30
박,83
형,161
서부,120
이구영,23
솔루션,225
큐셀,28
김호,6
빈,62
중부,58
정연,64
인,240
허,107
태수,98
마,21
창민,3
DL,76
앤,201
정기,214
HD,269
현대,1232
조선해,126
양,195
정의선,330
자동차,289
이재용,97
최성,35
중공업,481
김선희,2
매일유업,2
현성,45
엔지니어링,365
김동원,5
고려대학교,1
총장,1
허진규,6
일진,54
이해욱,14
박경,35
원하는,3
상,120
정승일,26
한국전력,59
오세철,47
물산,293
김승연,77
이용,48
배,84
메트로,4
신문,43
기획재정부,4
부처,4
일정,6
다음주,1
및,133
방산,82
이모저모,95
SKT,8
투명,2
안테나,2
RIS,2
개발,241
커버,3
리지,6
소모전,2
력,135
절감,10
기대,187
강달호,41
안전,74
수해,6
현장,62
점검,50
긴급,9
복구,8
실시,7
박정원,35
소식,50
텍,59
코스닥,22
상장,139
예비,11
심사,13
통과,63
이재현,1
골드,1
만,232
PIA,1
KB,10
리치,1
고객,13
대상,35
프리미어,1
써밋,18
료,41
이우현,34
OCI,69
超,1
철강,160
이끈,4
처,24
작주,1
소재,232
불지,1
피,16
누리,1
호랩,1
논란,17
독자,6
공감,5
科技,2
핫이슈,15
모비스,35
자율,30
주행,18
경쟁력,92
자신감,6
조성환,7
착착,28
윤창,3
운,10
채희봉,43
정재훈,17
수력,21
원자력,116
김연,1
시스템,124
옥,2
경석,1
기계,40
동현,13
등주,7
총론,3
스포츠맨,5
십,41
싹튼,2
정신,5
날개,37
를,111
달다,3
허세,32
칼텍스,139
최정우,112
네트워크,7
행정안전부,2
BU,10
거듭,22
나나,3
산업부,50
고용노동부,1
문화,5
체육관,1
광부,1
위드,4
코로나,121
역설,2
특수,77
집콕,1
늘면서,1
새집,1
상한,38
가,399
종합,289
체질개선,44
내는데,7
리더십,71
부재,7
시계,30
멈춰,7
박성철,14
한전,83
KDN,17
구자열,17
승부,154
결실,5
맺는,1
주력,46
제의,71
전성기,13
서막,3
지속가능성,24
화려한,13
부활,15
성공한,2
이차전지,81
반도체,130
고공,2
행진,6
LOUNGE,10
분식회계,1
동력,79
악화,15
되나,53
㈜,78
CC,10
손잡고,73
생,61
성형,3
AI,34
기반,107
디지털,47
ITS,3
파트너,120
나서,59
살아난다,13
상승세,37
뚜렷,17
신성,17
디벨로퍼,14
전성,25
스코프,3
최초,155
액화,195
준공,35
협동,5
시장,639
점유,17
율,17
세계,244
톱,31
주년,101
단독,79
獨,2
열사,41
렌,1
체스,1
판다,2
실탄,23
장전,10
꼽았다,2
벨세,2
수업,11
내부,2
지형도,7
가능성,20
장남,10
락,19
특별,30
넘어,94
일류,14
향,51
⑧,19
가스터빈,20
SMR,112
선봉,30
소형,18
원전,176
첨단,56
폐기,2
받은,13
산학,17
연,146
효율,23
터빈,20
경남,20
놀라운,2
변신,95
차,77
합격,4
점,15
韓,158
인니,22
인프라,171
노린다,93
오션,148
인터내셔널,36
해상,78
풍력,95
바,4
닷,4
ENG,62
미국,76
사가,17
회생,2
절차,3
의약품,4
용기,15
위기,215
내막,3
구조,40
앞세워,48
꽃길,5
닦는다,5
박지원,15
순항,57
성장,333
다각,89
열매,5
익어,2
간다,36
베트남,41
찾는,50
재계,266
하노이,3
大,10
센터,46
신설,38
엔,85
솔,17
손,230
잡았다,34
밥캣,12
그리고,9
파워,112
삼,124
남해,8
자연,7
설비,53
초기,13
이어,59
드라이브,111
건,87
르포,34
‧,203
수입,8
탈출,33
발전소,110
가보니,9
국산,85
점화,21
투데이,17
이끄는,25
흐름,19
탄,12
질주,14
문,72
홍성,4
모듈,11
바다,7
포트폴리오,85
담긴,5
절박,13
의지,43
자회사,50
중추,3
역할,28
주주,43
환원,19
가시,48
주가,118
평가,55
목,9
진원,4
캐피탈,7
남부,106
기관,27
혼소,10
실증,133
기웃,4
나래,2
암모니아,222
적,256
반등,34
약속,14
지킨,12
부채,2
비율,2
반토막,1
빛,6
보인다,16
본업,24
달았다,6
탄력,59
한수원,44
햇빛,1
든다,2
억,253
역량,69
발판,15
다진다,25
규모,134
해수담수화,6
계약,35
견인,41
달라진,5
찾았다,2
공격,46
행보,99
허용,46
원유,9
나르던,6
상사,54
尹,151
정부,231
출범,185
후,32
비중,38
뛰어든,23
해법,12
새로운,60
시그널,7
BDA,1
스,72
딜,1
마다,1
해결사,2
돋보기,9
사명,28
변경,13
정영,2
COO,2
임,49
승격,15
분야,140
확보,213
가치,78
사슬,9
지금,79
주주총회,1
바꾼,10
바꾸는,20
출발,21
飛上,4
발,83
빠른,3
빌이,1
냈다,1
테스,5
나,48
好好,1
창사,3
기치,1
드높여,1
트레이딩,14
태양광,120
다변,17
어디,83
조석,97
렉,100
트릭,104
소풍,4
의료기기,8
번째,12
도전,99
재생에너지,112
폐지,5
분분,2
소형모듈원전,7
넘자,6
언제,13
아파트,13
짓,6
주택,124
대신,28
떼고,11
꿈꾼다,29
브랜드,37
액,14
절반,5
벤,18
러시,25
영역,22
일자리,49
창,113
출,94
발표,104
마감,35
지운,2
잇따른,4
왜,53
팀,50
칼럼,10
잇단,44
실패,27
할,97
때,11
년생,9
페이스,1
등장,10
빨라진,8
승계,33
미래에셋,1
대출,6
계약서,1
위조,1
직원,11
해고,1
검찰,1
수사,2
의뢰,10
프로,18
머티리얼즈,7
공모,11
하단,1
만원,11
확정,16
데,106
일리,90
IT,21
단신,40
ICT,15
작업,37
안전교육,2
공시,46
하이닉스,24
DRAM,1
흑자,18
NAND,1
바닥,3
근접,1
이주,77
주식시장,97
오미크론,25
확산,67
강세,176
폭락,25
NFT,80
지속,116
양자컴퓨터,10
활용,141
양자,20
상태,13
발견,27
메타,63
버스,126
되는,57
애플,28
카,34
신규,88
보여,27
가이던스,1
밑도,1
연간,51
하향,1
통해,77
기준,20
마련,91
우리나라,16
왔나,34
취재,18
⑤,21
지자체,25
가교,10
–,22
테크노,10
파크,11
탐방,52
지역별,10
장점,10
바탕,18
꾸준한,10
관심,52
필요,34
보릿고개,13
정형,8
마중,11
물,50
앞서,10
개척,38
총력,43
④,35
리드,7
탁월한,6
더욱,12
해야,68
년차,11
징크스,12
극,64
복기,10
⑥,26
김정일,7
뉴투,8
호,36
號,57
가지,38
마술지팡이,2
늘린다,12
지난해,8
계획,104
프로젝트,91
이월,1
원인,1
나아질,1
체력,20
TF,4
우주,44
시작,74
된,57
차원,2
다른,15
꿈,23
전지,298
이만,5
득,5
삼천리,5
명예,17
H,125
MEET,46
동시,7
트,12
라,70
젠,69
공개,24
중,122
완료,21
TV,25
함께,48
주식,59
유일,10
팹리스,7
업체,89
상진,1
급속,2
면,37
전력,86
망,6
부하,1
대안,28
中,40
채권,10
단,29
관리,34
졸업,4
앞둔,37
나선다,87
전주시,5
완주군,5
공유,56
선박,79
주도할,4
내달,19
국제,88
심포지엄,7
개최,131
문제,7
아닌,6
방향성,10
강조,42
화로,28
中企,3
볼모,2
몸값,10
높이기,2
걸음,122
모빌리티,208
풀,5
베팅,20
법,101
상용,42
급부,1
똘똘,2
웃었다,13
원년,17
각광,1
신년사,73
CI,1
수혜,53
화투,2
종목,94
폭삭,1
주저,1
앉은,1
매수,26
풍년,1
대한민국,81
용,31
선사,2
양해각서,5
체결,143
PE,2
엿보기수소,2
IPO,164
정의,9
선정,71
기선,11
범현대,9
넘버스,10
퍼스트,20
무버,18
준,14
교훈,1
신호탄,13
쏘아,1
올린,13
구조조정,12
모범,3
사례,7
무인,3
빅딜,7
살,66
바꿨다이,1
남자,1
정,187
공법,13
재건,13
시동,102
소주,33
요,46
모두,75
눈독,51
파일,1
회말,1
아웃,1
극복,37
증시,78
셀트리온,6
헬,11
스케,11
어,34
직판,2
순,34
롭,2
게,14
진행,35
마무리,19
걸었다,6
EV,22
중장비,3
접은,1
순이익,10
SR,21
유사,79
존재,25
감,66
제전,2
망라,5
신재생에너지,89
코스피,38
풍,5
약,18
바통,1
제일제당,7
잇는다,1
독보,4
위치,1
차지,8
로드맵,85
대전,36
기체,9
액체,7
고체,34
러브콜,38
잇,2
달,27
아,32
봄볕,1
전쟁,34
마냥,1
웃지만은,1
총수,119
출동,27
드림팀,30
떴다,14
심장,10
미리,15
보는,23
뉴딜,117
어메이징,1
끝내고,1
턴,20
라운드,39
이동,2
달렸다,11
고전,14
키워,56
볼,20
일만,1
남았다,2
팔건,1
박자,8
입어,4
돌파,55
Interview,11
선보,32
공업,26
최영,11
엔젤,11
밖,16
나오니,11
답,20
보였죠,11
부품,68
만들던,10
벤처캐피털,20
만든,17
기후,48
복위,17
대형,106
포집,27
대세,38
김지용,11
연구원,29
인력,42
재배,5
치신,5
실행,22
검증,7
싣고,5
헐,1
실시간,1
연동,1
금제,7
이중,3
가능한,12
만드는,7
연구소,10
硏,7
한일,10
공동,67
오는,7
대계,17
자금,48
조달,42
청,47
신호,46
ENTECH,12
접목,47
테이프,8
대현,4
에스티,4
센싱,4
누설,4
감지,4
센서,5
RD,47
채용,30
현지,32
설명,5
회,117
눈,59
돌린,20
일감,17
유리,12
벨,5
류,4
차전지,57
장비,16
김동관,156
잰,90
경북,43
공,110
정열,20
협의,80
체,72
공기업,225
불황,122
장기,52
빨간,9
조준,99
동서,51
컨소시엄,14
오만,39
독점,16
획득,18
칠레,9
넓혀,8
﻿,8
한양,18
재원,10
김형일,8
방안,84
선방,35
살렸다,8
복합,87
넘는다,28
정면,13
나주,10
밸리,11
MG,4
조성,63
환경,95
공단,16
제대,8
돈,47
이사장,9
취임,81
산삼,9
공통,14
연어,14
양식,13
늘리는,13
포럼,108
예측,6
착륙,1
해답,6
와의,1
공존,2
김,70
동,108
용의,48
톺아,52
수소차,169
공략,85
부장,28
포함,18
나선,104
초대형,15
쇼핑몰,2
단지,47
전화위복,7
토목,10
줄,23
이고,12
갈아타는,14
홀딩스,91
콘,4
트롤,4
타워,7
포항,40
본원,4
개소,4
에이치,5
이루자,2
SOFC,29
챕,6
터,23
수처리,18
현주소,21
살펴봤더니,17
요즘,7
관심사,3
이을,3
캐시,7
카우,3
찾아,40
동분서주,13
인터,50
회사,48
공공기관,24
주기,18
덩치,7
커졌지만,2
아쉬움,2
돌파구,39
토끼,29
잡기,13
재도전하나,4
방향,26
다잡는다,2
광물,11
지탱,2
UAE,28
승승장구,2
재무,86
부동산,59
조짐,8
포석,12
새해,24
다시,62
뛰는,29
자산,25
조로,12
높여,7
검토,27
역성,13
딜레마,12
된다면,13
건설업,306
권혁웅,20
중책,14
맡아,13
먹구름,6
철강업,53
소로,21
싣는,11
두고,7
각,52
축전,24
헝거게임,4
맞춰,10
방식,8
소음,4
저,134
감신,5
경기,69
침체,47
론,29
전신,6
광업,6
책임지는,10
광해,3
전주,12
완주,18
개정,6
움직임,5
UAM,32
윤영준,10
빅픽처,6
더벨정,4
드림,7
최전선,4
넘었다,3
밸류업,22
화석연료,11
끝났다수소,2
규제,40
개혁,4
퀀텀,14
점프,13
이솔,18
루스,18
청약,32
리츠,4
우리,55
페달,49
차영주,1
금,32
혹독한,1
신고식,1
거친,1
향방,7
출하,18
견조,2
엘앤,3
에프,9
상향,28
길일,3
확인,12
하세요,3
만난다,4
그래도,14
오를,9
오른다,29
뭘,10
사야,9
아주,23
포커스,33
모주,24
첫날,23
증거,23
디케,10
이락,10
제이,12
케이,18
히터,13
받아,18
필로스,65
∙,43
전시회,49
HWORLD,33
참가,25
MW,70
급,96
선보인다,10
인터뷰,84
박가우,20
찾아서,20
주지,24
달성,125
선언,71
전해,55
제품,30
탁월,14
쇼,55
직위,24
프랑스,28
관,30
운영,38
성황리,11
종료,12
위해,190
교류,37
파나시아,6
올릴,1
추출,6
파,5
훈풍,40
재상,3
나서나,1
재도전,8
적기,2
부산,119
산업대,56
시상식,20
우하이,29
전기,52
수상,63
자구,11
책,11
만들어야,2
결국,13
색채,10
잡는다,67
세계박람회,9
부울경,11
메가시티,9
밝다,9
상의,20
상공,9
이명근,54
정진근,27
수태,27
수상자,10
히스토리,15
zip,15
⑩韓,9
지평,10
잭팟,25
리업,2
스킬,2
맞춤,10
풍력발전,22
재생,84
EPC,9
총동원,11
성공,49
워치,10
한성,25
희,35
도시,128
정비,11
선두,50
공통점,26
찾아라,11
모듈러,15
참여,78
발족,25
맞춘다,6
뚫는,21
해냈다지,6
가능,44
우뚝,29
활발,43
서울대,4
협,3
양성,31
당분간,10
타분,8
야,13
특기,8
살려라,8
응원,4
간식,3
⋅,3
쿡,3
구상,14
서경,3
하우,3
징,3
페어,3
상반기,52
효자,19
노릇,6
컨콜,11
대치,5
충족,5
태풍,3
피해,10
완전,9
익,52
회복,33
뒷받침,34
초점,16
활,64
찾나,4
스튜어드,3
온다,20
⑦,22
김훈태,3
극찬,1
시민,14
철학,2
국립대,1
정규,1
과목,1
배운다,1
가도,12
꿈틀,7
사의,8
교토,8
굴,8
속속,10
사라진,5
퓨처,10
엠,15
포스코건설,26
하이테크,5
호조,24
탄탄,22
R,8
공포,25
덮,4
친,30
원자로,13
유지,15
냐,11
안갯속,7
우는,3
날갯짓,1
앞당긴다,35
빠지다,15
뽑는다,1
경력,2
직,8
모,30
시기,4
혈안,1
조립,12
돌리는,10
키,60
워드,48
끝,14
CSO,6
선임,10
중대,16
재해,12
근절,2
순환,26
SWOT,8
상자,1
발생,6
순위,5
위험,14
법인세,1
재판,1
약점,1
미분,3
서다,3
신축년,1
영화,5
카카오,17
게임,37
즈,46
테마주,15
유니크,1
심혈,7
복,11
대림,2
스케치,12
대규모,70
하부구조,12
제작,21
UPDOWN,12
휴,2
스틸,30
제강,11
지주,24
아베,4
열중,1
노다지,11
캔다,2
성공예감,13
공급,139
데스크,100
HDC,39
현산,34
긴,19
겨울,19
흑석,19
구역,27
잡음,19
동향,108
첨,6
검단,6
사고,13
여파,5
하락,38
불가피,12
임대,3
보증금,3
반환,4
보증,10
가입,5
여부,15
알려,5
준다,4
시간여행,14
바꾸고,23
숨기,14
드러내고,14
한번,3
오일,57
머니,45
중동,215
분주,16
간판,12
버린,3
일변도,3
탈피,6
이름,12
날,10
열린,11
벌여,1
LH,6
인천,49
신도시,15
주지연,3
지체,3
보상,3
지급,4
떼는,8
사들이,1
미지,1
글쎄,3
술,3
부대,4
뗄,3
듯,36
부는,25
초록,5
시공,6
능력,9
원자재,10
인건비,2
탓,1
레이,2
주연,1
신중해진,1
돌린다,2
폐기물,7
붙이,1
안간힘,9
곤두박질,1
곳,24
인색한,1
수주로,9
병용,18
몸,2
리기,1
기류,1
에도,105
주는,15
셀프,9
차단,15
민영화,2
잔,2
혹사,2
불명예,2
퇴진,3
깰까,2
그,39
이상,76
식량,12
피처,2
독한,2
밝히다,2
한계,20
시간,18
들썩,25
중국,46
감산,2
했다,12
최정,3
우호,3
시가총액,2
되찾은,2
하반기,71
침수,2
딛고,7
兆,68
가격,14
멈췄다,2
엔솔,39
출신,5
정진,4
실장,2
옛말,9
재편,49
리튬,19
t,20
니켈,11
맞은,34
임기,4
이끌,18
탄소배출권,4
있어야,2
소환,5
제철소,17
건립,39
앞세운다,4
예상,27
부진,38
꾀,6
강의,2
기적,2
쇳물,2
잠잠하던,10
업종,17
불문,11
기초,34
지주사,46
직속,1
GM,8
포드,9
메가딜,9
현실,27
합병,31
시너지,43
연속,24
키맨,9
탱크,37
특수강,12
핫,22
시즌,10
무늬,1
본사,5
이전,10
속사정,5
투자가,11
나무,5
방미,34
사절단,7
빠진,13
바쁘다,3
바빠,3
非,2
유력,6
별,41
가할,1
관점,6
만든다,40
웨이브,7
김민,4
청년,8
행동,7
신뢰,9
높인다,24
스타트,5
드는,46
책임,27
분할,16
재벌,29
지배구조,27
주인,4
없는,46
지주회사,1
다방면,1
경험,10
풍부,3
남궁,19
김준형,3
굴뚝,29
선진국,8
필요해,2
인수합병,8
개편,18
BBB,3
렉스,1
등급,5
이끌까,4
비철,2
체계,15
갖춰,4
혼,3
다사,2
우디,2
PIF,8
EU,10
탄소세,3
도입,75
대응,53
발등,5
불신,3
로는,3
매직,3
의존,4
줄였,1
다비,1
약진,3
비,25
넘어선,1
끌어,8
올린다,2
고도화,11
현재,17
포스코에너지,7
통합,14
비전,102
중선,2
민경준,4
찜,13
시험지,1
바뀌어도,1
A,13
토대,8
이태성,5
세아,47
국부펀드,3
TEAM,2
KOREA,11
갈,16
바쁜,5
근심,5
커져,5
육,46
성년,4
스타트업,53
사모펀드,9
개방,11
포스코플랜텍,22
PRG,22
포항시,53
청직,10
전문성,10
활성화,137
행정,10
전서,1
만들기,3
저장,34
하기도,2
어려운데,2
긱스,2
정세균,1
총리,9
삼척,1
특구,1
방문,52
본,24
거지,1
CVC,16
설립,288
동국제강,15
목적,9
단장,16
바라보는,10
컴업,10
열띤,10
토론,10
조선업,20
KBiz,77
머스크,12
싱크,11
FDA,11
인체실험,11
승인,75
금융,61
위원장,9
「,9
크라,21
우드,9
펀딩,9
간담,21
」,9
최연혜,9
특혜,2
무,16
보직,2
알고도,1
강행,1
했는지,1
창립,26
돌,26
리더,56
줌,18
최강,24
국민,7
公,34
㎏,3
꽉,3
채우는,1
분점,1
비싸지는,1
유신,2
사회,103
완수,2
동기,11
대비,38
사령탑,3
임종,2
도시가스,6
뛴다,58
DX,26
부서,3
난방,7
대란,6
용돈,10
전문,56
임해,6
종,6
인명,3
감축,67
제이엔,3
국,81
산화수소,3
서호주,5
관료,1
기지,20
투자자,20
적극,40
역대,69
사업자,38
변모,17
인사이트,14
된다,31
냉열,11
될까,28
냉장,2
냉동,2
창고,2
이철,4
로우,4
카본,17
구현,7
아우르는,8
어제,4
프롬,2
BC,2
제시,14
버려진,3
키움,12
하루,8
광주,12
두번째,5
나다,1
⑲,11
무한,18
ㅣ,5
천연가스,22
공기,5
UP,14
올림픽,5
안보,26
현황,27
빠르게,4
노하우,6
어느,2
보다,49
중요한,3
그동안,2
버렸던,2
백신,17
식품,2
얼리는,2
쓴다,21
될것,15
그린수소,10
조기,5
비정규직,1
해결,6
전념,1
피플,26
자리매,9
냉,2
도모,3
전술,1
적중,4
합작,494
택시,25
트럭,65
리스,9
기고,10
화물차,2
보급,22
석,25
탄탈,1
골든타임,8
난다,12
융,64
독일,48
지멘스,15
에너지정책,12
유틸리티,1
천안,1
업무,39
협약,150
예,5
타,5
조사,4
입찰,13
공고,6
버려지는,1
출전,4
제공,4
KESG,7
평택,4
매,7
梅經寒苦,6
주자,25
수자원공사,14
됐다,8
새길,2
유니폼,2
헤,2
경이만,2
난사람,2
이강훈,2
잡은,19
장통,17
민간,76
자원,42
참여정부,3
재정,10
절실,43
임건,3
묵,3
탐사,10
본부장,18
CCS,13
법적,3
근거,3
기여,23
옷,10
입고,7
⓹,11
쌓은,10
빛났다,14
땅,32
토양,4
탐,1
침,1
장치,2
특허,11
출원,2
자립,8
붙였다,2
정례,1
넘게,9
내다본,4
선견,4
정원,5
대우건설,18
KT,26
시설,28
보호,12
결합,11
이노,22
파노라마,3
유서,3
치,14
구조도,12
파란,5
거,44
개사,49
짓는다,17
그림,10
지배,4
김환,1
화두,38
메트라이프,1
생명,4
풀무원,2
법무부,1
EBS,1
끌,15
산재,2
고리,2
끊고,2
클린,32
운명,10
결정,16
짓는,10
본부,56
격상,3
언택트,1
생협,6
확충,15
하겠다,11
시행,9
HKOREA,4
맡는다,2
막,29
단행,16
수출,59
터트린,3
제약,17
원천,4
이바지,2
블루,123
찍은,2
대적,10
조직개편,16
세미나,6
용량,24
경제체제,1
나온다,8
자유,4
특,7
구로,1
지역,48
특색,1
살린,1
신제품,18
⑪,21
강화하는,17
다한,11
에어택시,10
최선,8
만큼,1
높여야,1
노멀,10
정착,6
옛,2
텃밭,9
영토,38
남동,162
전국,23
품질,14
경진,3
대회,20
대통령,96
톨,6
그라스,6
대미,4
래,8
국내외,38
소개,8
서도,15
수행,4
뜯어,28
보니,43
대장,16
재양,14
핀,3
든든한,6
버팀목,1
SKES,26
하기로,10
잡다,2
제안,6
아이디어,9
국동,17
룰,3
갇힌,3
회전,3
잡아라,56
대국민,6
공모전,4
탑승,7
홍보,7
중신,4
ITC,4
꽂힌,32
한국판,67
매진,2
목소리,6
국가,64
온실가스,14
오염,7
배출,58
없고,1
정화,1
성큼,33
다가온,13
유공,6
포상,3
룡,3
박종태,3
금탑,12
영예,7
감자,4
골병,4
CF,4
Trumbull,5
우수,7
대외,5
인정,9
들이는,8
전발,4
전사,8
조억원,22
다년,11
강도,10
건전,7
허리띠,3
졸라,3
인가,7
드론,40
방호,3
미래세,3
교육,5
상생,33
제품안전,2
관리원,3
부정,6
성적,10
예방,2
클로즈업,11
김정훈,31
글로비스,70
인증,12
주유소,14
석탄,39
난,12
빅데이터,6
법공,1
유비,1
무환,1
없다면,2
가속도,15
월일,13
열쇠,13
쥐었다,1
수장,19
고민,8
･,2
공신,1
신임,19
고심,14
가향,1
전자담배,1
퇴,1
SDI,23
끝났다,9
과감,24
이어져,1
실천,38
동반성,6
압박,8
부심,14
쓰나미,1
몰려온다,1
배당,20
정상화,20
개별,3
제도,3
통한,7
촉진,2
사활,31
삼각,3
편대,3
줄줄이,19
갈이,2
되는데,1
비결,6
팩트,16
체크,23
부실,13
심화,7
신정식,8
방만,6
비판,18
받나,12
무보,1
중기,1
보험,7
컨설팅,4
캐나다,10
들여,2
중소기업,5
각오,2
다져,10
KPS,5
사창,2
림,2
훈장,9
류재철,9
선포,17
밟는,5
천억,20
코리아,143
구성,8
해부,24
진심,17
개정안,42
캐리어,1
윤진영,1
다양한,14
앞장서겠다,1
일이,6
만난,14
임덕빈,3
재개발,8
원장,4
NEWS,4
▶,4
창업가,4
판로,8
가상,4
이승우,2
탄화,4
품격,1
있는,22
플라즈마,2
SOIL,6
국표,3
사용,15
고성능,1
탈질,1
소수,3
수급,7
시선집중,4
소통,6
프로세스,2
버리던,1
재활용,56
일회용품,1
기지개,2
켠,1
백정,2
완,3
반세기,1
생일,1
할것,1
미세먼지,3
다석,3
FOCUS,9
키로,34
수송,2
풍향,6
늘리고,11
관측,5
형사,17
견사,4
논의,43
열어,13
나눔,5
국민대,2
복지부,2
장관,8
김영문,2
성적표,13
도산,2
단공,1
산단,4
분산,20
특별법,1
컨트롤,3
비용,7
부담,14
우선,11
양충,1
새만금개발청장,1
새만금,11
다운,5
입은,1
중심지,8
홍의,15
폭,10
신중,1
모드,1
박일준,1
세상,7
풍요롭,1
발전기,1
패러다임,31
바꿨다,2
해외진출,22
IJ,2
Global,3
김신,2
특화,2
의전,1
당,6
TECHNOLOGY,1
양호,5
이규,7
강원,2
도심,6
항공,42
교통,10
이력,1
쌓기,1
욕심,1
도미니카,1
주전,22
승기,3
INSIDE,7
총대,8
맸다,3
나섰다,15
파고드는,8
까닭,21
유가,32
세로,8
타격,10
상업,6
운전,2
보유,13
프로그램,9
신바람,1
PSM,3
성능,3
받았다,2
자드,1
BTS,1
포스,9
멘트,1
광폭,19
리딩,1
컴퍼니,7
꾸려,1
구성수,1
완성,40
중후,8
장대,8
지도,15
항공우주,17
정제,9
마진,5
유종,3
미,3
강원랜드,8
뭉쳐야,11
산다,16
힘줘,5
박흥,2
｜,5
통,26
김병숙,5
나갈,1
심층,2
기본,13
곧,8
기기,16
강,32
정주영,18
신화,27
재현,17
섬유,16
제조,32
CNS,4
공헌,10
지니어스,3
청소년,3
층,3
접점,3
잡으러,7
아랍,7
Net,10
Zero,10
점한국,1
남호주,1
시멘트,2
올리는,12
부생,19
거래,32
뚫는다,5
Build,5
Up,5
Korea,15
노사,1
화합,1
재도,4
건축가,1
바이어,3
경협,5
순방,23
국수,10
상호,7
해자,1
맞아,3
SEN,1
루머,1
윌,1
링스,2
음식물,1
쓰레기,2
벨트,1
데이터,12
연합,6
다크호스,12
전진,8
주우진,1
빌게이츠,4
필수,27
家,38
있다,15
경주,13
개막,60
자체,3
후유증,1
과시,9
방사선,1
차로,1
윤석열,16
표,7
반,17
색,18
맏형,2
구자균,2
김준,14
통상,11
자원부,11
팜부터,3
종횡무진,5
힘준다,14
바꿔다는,4
집약,4
세대,36
관건,65
새로,17
쓰는,5
Invest,43
유상증자,40
빚,13
갚는,10
년대,58
전면,33
거세진,13
수론,12
세습,12
여전,13
똑똑,3
닻,16
굿바이,3
대우조선,50
역사,8
직접,29
이규호,42
최기일,5
보국,6
대효,5
록히드,3
마틴,3
품었다,3
선호,4
넘사벽,3
in,13
웃는,1
풍향계,6
풍력에너지,2
집,36
자제,22
축,31
특명,15
삼현,16
세론,1
양도,1
휘청,11
조선,84
뚫어라,4
등판,9
MZ,13
센,19
만의,18
리그,14
후계,10
폴란드,17
선물,12
진두,8
지휘,16
빌더,1
빌더로,1
멀어져,3
군단,3
MBA,3
가로,3
꾸렸다,4
무산,7
경영인,18
든,3
탑,9
좌초,4
강소기업,1
로스,2
평형,1
처리,3
이틀,11
웃음,4
줌인수소,1
싣는다,6
엔진,23
떨림,1
제네시스,5
GV,5
집단소송,1
휘,1
말려,1
운용,5
HMM,18
만주,1
시험대,11
해운,7
전담,15
권오갑,14
항해,1
앞두고,17
장이,2
주도한,4
젊은,5
결,1
나설,4
검은,9
나침반,8
짜리,5
人,8
사이트,13
정기석,1
에기,1
평,5
PD,1
정립,1
카드,41
메이커,6
“韓,1
없인,1
사막,18
외톨이,1
될수도,1
현안,3
하자,7
바뀐,7
프로필,2
장단,11
열었다,2
보도,3
일월,3
플,7
보령시,1
민관,37
세운,21
주도한다,5
김화영,1
FITI,1
시험,4
브리핑,52
국무총리,1
표창,3
정유신,1
권토,1
파이,2
키우고,7
내실,20
일본,24
회의,6
위원회,45
조치,14
맞서,1
동부,2
팔,6
걷었다,1
외형,9
내실도,2
상길,1
KEPIC,2
표준,11
성장하는,1
중요,1
김희철,7
국세청,2
대금,2
설,10
톱뉴스,13
조간,10
흔들리는,13
직면,3
수확,1
남구,4
격감,1
서비스,8
중간,19
신고,4
출시,15
GB,3
차별,10
×,7
스페셜,17
인들,13
진격,14
백,17
자산운용,15
있었다,9
밑그림,8
김동선,5
유통,45
해공,12
짠다,3
아들,6
유통업,5
고속,19
바꾸나,5
몰두,5
화제,4
형제,10
구도,6
issue,1
탐구,5
에어,13
위성,2
통신,16
式,6
출자,4
돌아온,3
박승,3
해온,5
정권,12
바뀌자,7
실효,5
성은,6
닦아,4
줍,18
아연,11
벗어나,7
고픈,6
챙긴,7
소우주,7
장착,5
NH,17
늘었는데,6
원대,12
上,8
소미래,3
명운,6
굿모닝,8
광화학,4
받을,1
불꽃,18
DNA,18
최성환,6
호실,30
니콜라,20
대박,9
父子,4
곳곳,4
거두기,1
같이의,1
멀리,2
초석,2
추석,7
나기,4
REC,2
실리콘,7
최측근,2
이사,13
보낸다,2
외화채권,1
발행,27
실리,1
열전,4
등기,3
최적,6
임자,2
TNA,9
분담,1
사내,6
상무,4
백화점,4
겸직,2
합류,7
급해졌다,1
정리,51
최광호,13
판이,3
바뀐다,3
뚝심,5
기틀,1
인공,4
고기,2
뉴에이지,2
밋츠,2
Q,21
↓,18
기존,4
행각,1
배치,11
겹호재,1
탄환,3
전소,5
소부자,5
금맥,5
트로이카,18
불안한,6
업황,8
빈약한,5
곳간,14
유증,19
동의,5
숙제,25
生,4
TALK,4
우군,18
든든,10
On,4
the,6
move,4
심어,3
둔,4
고충,4
화가,12
가장,14
많아,11
이복,4
과열,11
양상,7
KoAct,4
액티브,6
몰려,4
호주,55
스탈,8
나설듯,3
CIP,5
사와,15
침울한,9
법대,9
중견,10
모멘텀,19
⓷,2
내정,3
뱃고동,3
궤도,15
고삐,9
출항,22
민,7
이력서,3
드러난,3
수혈,7
PS,17
교환,10
제휴,10
눈높이,8
낮췄다,8
위축,8
주문,13
만능,5
USA,6
→,7
방,19
산우주,3
초,61
고수,7
파트너쉽,4
부각,18
文,59
어긴,3
돋보이네,2
명확해진,2
항로,2
쇼크,3
신한,5
내놔야,8
오렌지색,3
넥타이,3
첩첩산중,2
정통,1
달말,1
출격,14
임박,6
챙긴다,5
이데일리,3
통역,1
코딩,1
전문직,1
파고든,2
하늘,7
금융투자,47
호텔,4
신라,4
팬오션,12
역전,2
에스코,41
넥,41
추천,30
戰,7
LIG,8
넥스,8
뚜렷하나,2
제한,5
친환,43
경선,8
FLNG,5
나뉘는,5
유열,13
구,69
축하,6
風,2
IS,2
타파,5
대담,9
농협,5
이석준,5
국무조정실장,5
낙점관치,5
낙하산,5
브,7
적용,4
금투,13
샘,1
기아,12
조지아,2
라인,7
축제,4
넥신,1
개미,4
사로잡을,1
ETF,25
수익률,6
휠라,3
엔씨소프트,3
하나투어,1
해성,2
이마트,8
NAVER,9
기아차,23
영원,1
무역,27
천보,1
신세계,10
나스,2
미디어,6
아프리카,2
제우스,1
바이든,33
최고,78
경신,8
대유,8
브레이크,8
자동,9
차주,8
키다리,4
스튜디오,1
이어질까,6
베스,12
데이,13
황진,1
구이,1
영준,1
걸,3
맞는,6
사진,8
진용,1
미치는,1
파급,1
GSCJ,5
과의,20
소규모,1
라시오,1
멈추지,3
않은,11
토크,3
라임,2
판매,42
의혹,3
압수수색,2
잇따라,44
떨고,18
있니,2
사단,2
안되는,2
헤쳐,3
모이는,1
초읽기,3
중현,1
NAV,1
할인,2
마지막,8
퍼즐,6
맞춘,1
레벨,1
업,18
플랜,3
다이브,4
펄스,1
뭐,2
인지,1
오십,1
니까,1
공공,9
아듀,16
장씨,9
최씨,9
일가,3
경쟁자,3
사주,9
급류,2
영풍,12
계열,6
분리,12
KTNIPA,3
AIDX,3
합쳐,2
높이는,4
고른,1
정체,4
뿌리,3
린다,30
정상,15
킨텍스,5
집결,9
단위,38
머니투데이,2
오프라인,13
헤드라인,13
다보스,8
지영,17
지켜,1
일군다,2
파고,4
넘어선다,4
트렌드,13
마리,10
한꺼,1
번,14
열풍,16
올라탄,15
동거,2
꼽,1
테슬라,26
다음,15
・,23
구본혁,1
인대,1
리창,1
출상,1
고용,24
매년,3
껑충,5
앤비,2
꿰찼다,1
네이버,6
모바일,10
결제,2
페이,9
온라인,11
가맹,1
가전,2
씽,2
큐,3
보따리,34
풀리나,1
MP,2
불경기,2
B,5
뜨거워진,1
비행기,1
무엇,2
일까,9
꿈년,1
불굴,9
성취,4
나가자,2
명중,2
방위산업,1
드러낸다,2
클리,1
ADEX,2
유임,3
영광,3
불탑,2
주식회사,9
대거,27
전차,3
트램,15
소방수,1
톡톡,4
두둑히,1
쌓고,2
우량,3
잔고,1
넉,2
FILE,5
환골탈태,3
첨병,11
디자인,1
문재인,10
키워주던,5
가나,6
‥,6
위주,1
발탁,4
GSO,1
김흥수,1
플레이어,21
구한,1
철도,20
재미,1
본다,8
활동,6
신용등급,6
일제,5
히,4
뷰,1
소문난,1
대한항공,2
쇼케이스,1
충전기,8
두드리는,7
부분,2
높은,7
열차,11
포춘,13
클럽,9
라운지,1
달린다,18
아덱스,1
한눈,9
산미,1
넘,18
쌍끌이,5
기간산업,2
밑거름,2
소리,3
포머,2
최고경영자,6
집합,6
구원투수,8
진화,20
스테이션,6
축소,3
정충신,1
밀리터리,1
카페,1
륜,1
차량,5
격돌,6
디펜스,3
장군,1
멍,1
상보,7
KTX,2
이음,4
예고,20
쏟는,3
조가,1
몫,1
뚫었다,1
박해,2
린,2
마켓,25
윤활유,13
단기,1
차입,10
배경,6
미운,1
오리,1
운송,21
영상,7
앉힌,1
뭉친,9
라이벌,16
강사,10
뿜다,2
제철,93
동일,7
VS,2
골라,1
잡거나,2
둘다,1
이건용,1
우유,1
말,11
노리는,15
정몽구,6
물러나,1
따라가는,1
아우,1
맞추기,3
돌입,37
CJLS,1
중장,1
기비,1
꽃,4
피울,2
단사,2
포인트,24
현금,29
진로,1
희망,21
싹,5
틔운다,1
어바웃,2
C,7
달인,2
강현,10
분위기,4
시킬까,2
금호,22
회복할까,2
프리미엄,14
강재,2
OECD,1
산하,1
기구,2
ITF,1
투입,35
산유,7
코,29
나솔,2
나노,12
증권사,5
황당,1
지침,1
슈퍼,10
사이클,1
빵빵,2
트랙,9
대어,9
벗고,18
어필,6
설계,2
흡수,2
타깃,2
車,44
이산화탄소,9
포,3
집자,1
원화,1
완공,14
뭐길,1
가진,1
찾아간,1
김도형,1
기자,11
휴일,1
담,1
보,18
직임,1
장벽,8
포부,48
잡겠다,2
덕츠,8
채널,22
좋다,9
키울,5
조각,1
책임질,11
행사,22
어깨동무,13
來,4
V,5
노조,1
해소,6
키우기,1
아모레퍼시픽,3
이노션,3
테마,14
티앤,5
DB,4
고부,5
강판,3
고생,1
자신,4
만만,2
發,11
뒷걸음질,1
부가,6
률,21
청산,2
김용환,1
고문,1
어간,1
무장,4
에게,13
이자,6
민신,1
다졌다,22
親,12
無人,2
행차,6
共有,2
공세,2
두려워,1
않던,1
神,1
한수,2
뒤,33
짚는다,1
늘려야,5
남는다,4
부침에,4
캘,7
채굴,7
철수,6
증설,18
과극,1
현상,16
책임자,10
빛난,5
괄목,4
성장한,4
맞이,5
VOC,6
이목,5
몰입,1
나일론,1
봉쇄,1
우러,1
중고,1
그대로,2
넘을,2
KTB,3
방한,21
새삼,2
저력,3
띄워,4
애자,1
엘리베이터,4
짊,4
어진,4
일부,2
지연,1
되고,1
있으나,1
맑음,5
케이프,2
고려,3
위중,2
머니있,1
슈,1
인상,14
긍정,7
장주주,4
병행,4
상황,5
진흥,5
자상,2
모으는,5
쌍,4
마차,6
희비,11
교차,5
화섬,8
외전,11
올라타,4
탄소섬유,25
장년,3
밝아,3
살길,8
일어나나,2
더해,3
화학사,17
현준호,1
날아오른,1
총사,10
촉각,15
험로,10
손사래,3
작년,15
했길래,1
사상,13
KRX,1
편입,1
그리는,2
덕산,2
메탈,2
에어로,9
스페이스,7
와이,1
제품군,2
회복해,2
삼화,1
네트웍,4
명,55
엠로,1
농심,1
기전,1
향후,11
ESS,7
러시아,12
사할린,3
클러스터,16
성장할,1
절,3
대강,3
겨냥,7
토탈,24
매력,6
서두르자,2
뭉쳤다,33
처음,2
격차,46
서밋,16
패권,22
AT,37
KAI,24
손잡아,9
잡아,10
착수,133
잃은,2
출구,2
넓히고,1
찾고,2
린데,28
CCUS,12
백석,4
액체수소,1
맞지만,1
IBK,8
기업인,15
수준,7
대중화,7
지구,20
인류,4
동화,9
최창열,2
담당,22
화하는,3
마당,3
펼친다,4
카셰어링,4
시범,32
BEST,2
숫자,1
브라질,9
팬데믹,4
깐,10
부,17
뜨겁다,1
살린다,14
이드,11
매니저,1
HOT,1
신소재,9
단계,12
공식,13
지정,19
조석래,1
이뤄,2
낼,5
안목,4
인맥,3
담대한,5
아쉬운,4
타이밍,5
추가,32
클릭,27
e,103
개장,4
손자,3
블록,4
담았다,2
하지만,2
외면,2
벨수소,15
낙점,21
下,21
탄소발자국,8
지우기,8
앞세운,11
녹색,68
부상,33
에어리,133
퀴드,134
나우,2
톱니바퀴,2
바꿔라,1
채운다,5
점점,2
커지는,7
기간,12
조정,5
쑥,7
말레이시아,13
량,46
톤,62
MK,8
BUSINESS,6
STORY,13
앞당길,6
착한,11
표방,6
물질,14
구시대,6
엇,6
한난,6
상임,6
힘주는,10
먼저,11
만나는,12
치열했지만,10
빙하,10
GSHD,13
등락,3
되도록,3
픽,9
털어,6
낸,18
직진,6
어려워,5
MSCI,2
넷제,26
영국,9
손잡은,10
대우,30
GSSK,16
올려,7
대처,6
과정,5
LCA,2
보고서,12
발간,17
담아,3
Deep,2
Transformation,2
담은,8
늘릴,5
개풍,5
아냐,5
분전,4
암울해,4
외신,8
쉽지,5
않네,4
낙관,5
DLGS,2
어렵다신,8
떠난다,5
모험,2
이렇게,9
넓힌,2
실속,6
맥,6
짚기,6
늪,12
삼만리,15
대성,9
충분한,2
후끈,15
이끌고,12
고차방정식,5
푼다,14
울진군,11
보고,16
심상,2
찮,3
타개,2
총선,1
가능할까,10
강약,2
년비,7
증가,21
기상도,4
누가,14
웃었나,1
따라,1
기치는,1
계묘년,4
드는신,1
겹친,4
몸살,1
앓는,1
갈랐다,1
갈린,1
쨍,1
해뜰,1
사는,3
도우미,5
기록,8
빗장,4
풀렸다,2
대못,2
빠진다,2
옥수수,2
유폐,2
장사,7
티어,2
통큰,19
쏟는다신,1
구관,1
명관,1
이냐,7
성골,1
맏,1
태,5
수호,1
액침,2
냉각,2
SAF,2
무게,4
추,4
낮춘다,2
불확실,13
성의,8
뽑겠다는데,5
에는,5
몸부림,2
서둘러,7
호시우,1
보년,1
서서히,1
구체화,10
지조,5
의리,5
허창수,6
GSLG,5
넘어서,6
칼,6
발목,6
잡는,11
분구,1
올인원,4
배송,2
구체성,4
모호,4
의기,1
투합,1
의장,6
짓고,12
향상,5
꽂혔다,10
뿜뿜,4
모니터,12
달린,3
쿼티,3
파괴,3
오명,2
뗀다,2
수소탄,2
궁지,1
몰린,4
사연,2
빼고,16
엇갈린,3
DS,5
단석,5
IR,9
구미시,5
백씨,4
평균,4
구광모,51
뛰며,6
처가,1
박수,1
남철,2
임무,2
사수,5
LX,8
같은,20
여력,15
브이,6
지엠,4
라미,4
팅,4
떼내고,4
코스,5
메,8
틱,4
양길,3
접어든,2
VC,22
반한,4
서든데스,2
제거,2
리다,2
격전,6
권영수,7
최윤호,6
혼다,17
북미,14
무르익는,3
엑,6
언,7
누적,8
거리,2
km,4
구체,2
피구,3
형성,12
오피스,1
대화,9
머니에,1
불발,3
됐지만,1
심양,1
한때,5
맞수,6
너무,5
분쟁,4
공생,1
共生,1
관계,5
동남아,8
쳐진,4
추격,11
탄탄한,13
찾은,26
짜는,2
나올까,3
IRA,16
높이,11
지오,5
애경,16
융합,5
편,11
찬성,1
모을까,1
급성,6
돌아보는,1
Pick,13
되겠다,3
Part,3
Ⅲ,7
코렉,1
시트,1
손잡았다,6
박철,1
전지수,3
소사,1
업도,1
어떻게,16
가고,2
있나,3
SKASML,1
CES,17
선보여,1
머,8
얼,17
손질,1
중복,5
수공,2
EP,3
보강,5
처분,3
실질,2
조력자,4
오스,1
중계,3
시프트,4
채우기,1
입지,35
급증,6
앵커,1
며,11
발돋움,4
년통,1
쑥쑥,4
최소,4
회사채,7
인정받은,2
Company,3
Watch,2
진통제,1
결의,10
끄,6
떡,6
없다,17
특사,1
칸,6
김동하,6
스포츠,58
전당,7
아너스,3
영구,7
헌,13
아이파크,5
한세상,6
캐슬,3
푸르지오,3
블룸,42
GH,3
텔레콤,21
스퀘어,26
T,39
롤드컵,18
우승,15
SKTSK,3
축승회,6
쉴더스,7
스틴,3
베스트,7
전체,4
AA,3
EMR,8
식,30
가족,4
코어,18
입상,3
외길,6
오경식,3
스포츠인,3
밤,3
공로상,3
KTLG,3
유플러스,9
한중일,13
선수,6
여수,12
달군다,3
전남,24
라이센스,3
커머스,9
PICK,5
스토,12
쿠팡,33
세븐일레븐,3
번가,33
박상규,12
이석희,3
바사,3
폐렴,3
균,3
제상,3
임상시험,3
신청,4
강제,8
수순,6
밟는다,3
콜,17
옵션,15
포기,26
LoL,6
펍,3
태극전사,3
유진,4
탈환,3
SP,3
월간,4
일절,3
쿠폰,3
조대,3
머무는,3
공간,4
다르다,3
EBOOK,3
이커머스,9
위메프,9
어워즈,6
티몬,9
인터파크,3
CJ,40
ENM,3
carries,3
out,3
complete,3
reshuffle,3
of,3
top,3
brass,3
퇴직,4
진공,5
유회,3
플래닛,3
우아한,3
감사패,3
이웃,6
사랑,12
성금,3
기부,5
페이커,9
소속,3
아저씨,3
정복,3
⑭,4
CATL,4
축복,3
견제,3
그물,3
숨은,7
여행,5
쏜다,4
턱,3
웹,3
어워드,7
핸드볼,3
도로,5
제주,109
더해질,3
디바이스,3
대학,12
과학,8
호남대,3
라스베가스,3
넷,18
제로,29
시한,3
절강,3
동티모르,3
한미글로벌,4
반영,8
Ecoplant,3
completes,3
battery,3
recycling,3
plant,3
China,3
함성,3
뒤편,3
TGA,3
중단,4
N,8
인기,3
정도,4
였어,3
질문,3
폭주,3
KeG,3
결선,6
서울,21
강동,3
가구,11
예정,11
높인,5
다지,8
엑시콘,3
CXL,3
자리,12
S,7
사향,3
코앞,4
기념,4
프로모션,3
CLX,3
김종화,3
킨드레드벤처스,3
소프트뱅크,3
벤처스,3
Today,3
클래스,4
돌아온다,3
KR,3
SEEMP,3
PartIII,3
컬리,3
해피,3
리틀,4
띵스,3
캠페인,6
SSG,3
닷컴,3
온스타일,3
샵,4
ZD,3
인적,5
쇄신,4
쏠리는,13
품아,3
광명,3
힐스테이트,6
SKVIEW,3
증폭,4
나일,3
움츠린,3
사이,9
홀로,8
메모리,4
침범,3
스마트홈,3
스토킹,3
막는다,3
캡스홈,3
누비,3
랩,3
푸드,3
전시,3
SDS,3
에이치시티,3
둔화,13
p,4
치열한,4
뛰어들었다,4
씽씽,8
투어,4
사이클링,3
엠텍,3
갖춰야,3
에스프레소,3
ESPRESSO,3
담겼다,3
헝가리,1
샤르자,3
가린다,3
빼든,3
살릴까,3
전세계,14
구단,3
살맛,3
아니다,2
하나은행,3
LOL,3
전설,3
마케팅,5
숏잇슈,3
Telecom,3
helps,3
win,3
World,3
Championship,3
via,3
sponsorship,3
국민연금,11
반발,6
프로비,4
저하,4
ECO,3
거침,3
없이,11
아이,1
동인,1
기연,1
피팅,1
밸브,2
한선,39
깨고,2
갈아입다,2
김익,3
다우,3
블록딜,4
명세서,3
청구,4
제출,4
종업,1
불린,1
땐,6
○○○,1
결과,3
다를까,1
패,1
건전성,5
내세워,2
지고,8
뜨고건,7
설사,8
초도,7
호기,10
공권,8
산적,2
외친,4
IPOIR,1
줄어든,1
노선,2
굳히는,1
신의,2
⑩,7
장주,30
손잡거나,1
인수하거나신,1
식초,1
개화,9
비앤티,1
에이치엘비,1
ESGSK,1
진행형,4
봤더니,3
흥행,6
싸늘한,1
MTN,3
deep,1
⑰,15
SKLS,1
도움닫기,1
IEA,2
참석,5
순수한,1
오리무중,1
붙은,11
금주,12
르,1
룩,1
희색,3
별도,1
방긋,10
컨센서스,3
부합,3
제련,2
넘겨받을,3
환율,11
귀금속,1
방어,2
중인,3
산,6
분기도,3
대체로,1
흐림주가,1
심기,1
불편,1
오름세,1
떨어져,1
악,3
영향,15
경계,11
스프레드,1
입금,2
늘어도,1
안심,2
군견,2
바뀔까,3
대결,2
평가전,2
진검,3
실체,1
드러나,1
입는,2
흠,1
테이블,1
높아,2
뜨겁게,1
달군,1
비철금속,5
파도,2
매게,4
복병,4
격투기,3
강철,3
비전은,3
부족,17
익머,10
홀릭,2
동침,13
코피티션,8
출장,12
접고,4
연휴,7
숨,4
고르기,2
POSCO,2
심텍,2
순혈,1
주의,5
여성,5
자비,4
RE,19
이영준,1
켜,2
원활,1
내던,1
이었는데,1
내서,2
키운,6
밀고,6
반전,18
이어진,1
측면,3
중성,3
물이,3
도출,3
시점,4
과거,1
잊어라,1
쓰자,1
㉖,1
이로운,1
다양성,1
선한가치로,1
여명,1
모았다,3
던질,1
롭고,1
이롭게,1
영근,2
점진,3
등신,1
辛,1
똑같이,1
걷는,2
빨라지는,6
손실,7
시중,1
은행,2
얻은,2
얻었다,1
증명,3
미쓰비시,2
섭외,1
쓴맛,1
코노,1
Y,1
배당금,1
늘린,1
숨통,5
트이나,1
강호,1
명가,10
콜라보,1
맡긴,1
파키스탄,1
PTA,1
신유,3
랑,2
유동성,4
자사,2
복의,1
효,1
근,4
디바이,1
일반,3
경쟁률,5
선급,2
금융위,9
PF,20
불안,21
채안,9
펀드,88
안정화,12
연장,19
중소,9
취급,9
제동,13
CFE,20
올,40
김철호,19
Market,9
WatchIPO,9
거세진다,9
사후관리,9
미흡,9
더벨재편,1
건축,4
원동력,2
높아진,2
래미안,5
에서도,5
지킬까,5
맹,5
하다,6
따라올테면,2
따라와,3
봐,7
킹,1
달러,85
벌어,1
제일,1
째,9
비밀,1
잘나가는,3
카타르,16
유안,3
상회,3
인신,1
억대,8
넓히는,10
정석,3
다잡은,2
사실,5
머쓱한,1
실력,1
가율,2
지킨다,5
벤토,4
선견지명,5
선한,7
혁혁한,1
피스,1
없어,4
군함,2
치른,2
값진,2
수업료,2
부동,1
어헤드,1
年,1
년전,5
적자던,1
대로,3
넥스트,11
스텝,4
했지만,1
멋지다,2
깜짝,6
팝,1
뷰티,1
말레이,6
위상,7
比,7
인간,2
존중,2
갈수록,2
전통,4
후보,3
상표권,1
오스트리아,2
OMV,1
비화,1
주효,1
TOP,9
초과,4
입증,4
커진다,19
유효,2
유,10
안타,4
동영상,1
명확한,1
화공,1
실린다,2
장경영,5
앞,30
어스,8
페트로나스,6
셰퍼드,5
바라봐,2
유효한,1
저무는,1
호황,4
스타즈,1
FEED,1
to,3
無,1
거품,2
꺼지고,2
더뎌,2
다급해져,2
가파른,3
편안한,1
발주,15
장밋빛,7
컨소,1
분해,1
성균관대,1
손년,1
장학생,1
선발,1
탄생,7
옮긴다,1
해저,1
택,2
바이,8
나자,1
새정부,8
보나,4
어가,2
뒷방,4
안방,4
본다수소,4
투톱,4
뛰어드는,8
주린이의,2
강점,9
봇물,13
터지나,1
팜,9
노바,1
메이트,1
성공할까,27
아픈,1
손가락,2
됐나,5
선기,1
자재,6
않는,4
둘째,1
운항,5
살렸을,1
애물,2
어때,1
사망,4
디케이,1
빅이슈,1
대기,2
국경,3
초월,1
격변,1
에서는,1
편다주가,1
삭발,2
하며,5
말렸는데,2
겪나,2
이동걸,2
해운업,3
누리는,1
외치는,1
걸겠다,1
쏠린,3
폭풍,1
셋,5
뗀,1
흔들,3
년새,3
바꿔,1
몽골,1
재개,4
돈맥,1
허성,4
뭉친다,1
골프,2
힙,2
쌍용,6
루브리컨츠,1
타이어,5
코드,23
희구,3
데뷔,4
무대,6
였을까,1
봤다,1
음압,1
병실,1
궁합,4
PEST,6
P,3
편법,1
증여,1
아라미드,3
세코,1
닉스,3
밝힌,43
CCU,1
현중,6
어닝,4
서프라이즈,3
필름,2
정국,1
BGF,1
배달,5
맡으며,1
나가네,1
전무,2
상민,1
이팔,2
휘청인,2
초비상,1
붐,80
회색,2
푸른,2
분다,2
플로우,5
이룬,3
강남,6
호안,1
탄을,1
만들자,1
필,3
必,2
변혁,4
이끌어야,2
수첩,4
정탁,4
일궈,1
팩토리,3
안고,1
착공,16
모든,10
고로,1
상환,1
차환,1
인터가,1
모터,25
“美,2
주시,1
원산지,1
걱정,2
멈춤,3
최병철,15
자문,5
쌓아,4
변수,1
영민,6
비정,4
했나,4
예기,1
내일,17
제로원,1
베를린,1
눈부신,13
적성,1
굴착기,5
창조,17
일석이조,2
거기,16
있기,2
때문,6
조억,27
코퍼레이션,1
결집,14
암울한,1
늘리나,1
훑는,1
NewEnergy,1
조천억,5
살펴보니,9
상인,1
천억원,15
파나마,2
웃었다전,1
수렁,3
맺고,7
쓰고,1
읽는다,1
모델링,4
만회,1
개론,1
분사,1
뉴질랜드,1
내고,2
균형,2
잡힌,2
조절,8
화이트,9
상현,1
올리,1
자강,1
달호,1
입성,3
弗,10
결론,1
예심,1
㊲,1
CO,8
₂,12
잡으면,1
捕集,1
보이지,1
한파,25
뚫을,1
미루기,1
꼭,1
늦춰진,1
모은다,1
삼수생,1
던진,1
경차,28
Sponsored,2
Content,2
강화해,2
활짝,12
開,1
만건,1
대책,12
재경,8
찾자,1
SW,1
국적,1
연령,1
성별,1
•,3
르쌍쉐,1
쾌항,1
중고차,3
내연기관,1
랜드마크,1
흥망,1
성쇠,1
상징,1
남산타워,1
왕,3
일군,1
모태,1
연매출,2
세미,2
스템,1
동성,3
브라더,1
쌓인,1
그늘,1
벗,1
서기,4
정몽혁,1
코퍼,3
돼야신,1
절친,1
반경,1
넓히며,1
굳힌다,4
나서며,1
바깥,1
집안일,1
싣기,1
터보,1
저온,1
이송,1
펌프,1
파트,1
각각,4
KIC,6
절대,4
새우등,2
야구,1
국가대표,6
라인업,3
최상,1
코너,1
내야,3
아버지,12
남,13
이정,1
세진다,3
김대호,3
박사,3
했다수요,1
죽음,3
골짜기,3
다다른,3
플로,4
늘어난,3
FCF,2
마이너스,3
로드,11
그레이,17
머물러있는,6
쯤,6
어벤져스,42
고속도로,10
통행료,7
반값,10
쾌,3
내비게이션,17
꽂히다,19
신평,6
더벨발,1
모채,1
입히는,1
낸셜,1
스토리,2
누구,12
손잡는,7
김철,3
돛,9
달자,5
누린,2
수산,2
클라우드,2
주춤,15
완재,2
SKC,4
형구,7
비주,5
공유경제,5
나도,5
셰일가스,5
ECONOMY,4
강한,5
OK,4
자본,5
재밌는,4
많을것,4
하부,4
인망,4
소거,3
버넌스,3
시급,18
코리안,1
성지,1
경기도,17
안산시,1
개년,1
외국인투자,1
세워야,2
이시종,4
충청북도,4
지사,21
이원희,2
사이버,1
대학교,1
공학,2
대학원,1
석사,1
학위,1
딴다,1
정몽원,2
만도,10
한라,3
이해,1
하기,8
Lucas,1
Critique,1
Crisis,1
Opportunism,1
Fireside,1
Chat,1
잘살게,2
열정,3
임병연,2
COVER,7
반쪽,1
두렵다,1
크다,1
캐치,3
처럼,3
수단,11
제재,28
녹슬까,2
페인트,2
칠,2
버텼죠,2
견디고,2
한울,7
피운,2
신속한,3
나서자,1
요소,13
뻗은,5
한미,95
공조,5
지름길,8
펼쳐,8
순풍,9
충분할까,2
차질,5
벌써,3
아니,1
교수,3
광역,1
단체,3
수도권,6
복원,5
바라카,6
노려,8
두려움,1
떠는,1
그림자,5
높고,5
뱅킹,5
발달,5
뱅크런,5
최저,6
큰손,2
백지,2
李,2
유발,2
진입,33
이창,1
무리한,1
둘러싼,3
사원,11
스위스,22
행복한,4
수십조,12
억만장자,1
다발,8
조명,8
셈법,2
복잡해진,2
왕자,1
스키장,3
지을까,1
김성모,1
신비,1
월드,1
머니가,4
내놨다,1
천명,2
결단,4
자만,12
체코,14
단숨,3
벗는다,3
느낌,3
중요성,13
수경,3
산화물,32
지각,6
변동,8
들어가면,1
유망,6
하다던데요,1
잡,5
가하는,4
참전,27
最古,5
어벤저스,24
도나,10
세우고,6
연대,1
의미,18
결과물,6
있을,6
천조,14
뉴스후,5
인터넷,5
사과,5
압구정,5
토지,5
허가,6
아문디,3
주도하는,4
화폐,9
쌤,10
혜주,14
Top,10
웃을까,1
앞장서는,3
전용,21
세운다,19
이다,8
이천,2
유동화,2
금일,39
스토어,2
숨겨진,2
만대,13
STS,1
맞붙나,15
정상회담,14
테이퍼링,1
민감,1
눈길,4
이현승,3
시민단체,20
일상생활,20
실전,1
재테크,1
ARK,1
김정태,1
세진,5
YG,5
플러스,10
렘데,5
시비르,5
암흑,3
버티는,3
바디,3
텍메드,3
주우,3
이재명,8
구충제,4
가신,4
정지,5
보태,3
담다,15
만나,9
본드,19
전액,21
아픔,2
일어선,2
성남,3
분원,5
정치권,3
김태흠,11
충남,15
잡아야,4
충남도,19
만들고,10
퍼붓고도,5
뒤져,5
대론,5
입국,5
전락,5
라이트,7
읽다,2
시사,1
코금,1
미네르바,3
갈린다,5
싱크탱크,1
IEEFA,1
그래핀,2
그간,29
다공,1
코팅,2
Green,3
for,3
Future,3
MnM,8
전원,3
박기영,5
차관,11
이행,12
뭉쳤나,6
전도사,1
불리는,1
김재경,1
연구,9
위원,1
에어버스,2
르노,3
당부,5
힌트,9
다양,2
태동,2
용평,1
가사,1
열공,1
김은정,1
블,4
간문제,26
커질,13
치고,3
나간다,3
선다,9
많은,9
좌담,13
존폐,1
센티,6
서둘러야,1
당진시,12
드노,5
믹스,5
MCoverstory,4
단박,5
상용차,20
튜브,1
트레일러,1
홍상,1
날았다,3
폭발,2
욱,10
초청,10
쌩큐,9
개인,10
경향,9
오르면,9
팔고,13
내리면,9
광고주,9
이재,11
모의,11
엔비디아,14
유화,9
DSR,9
MH,9
에탄올,10
사이언스,9
홍준표,9
대조,11
암초,11
佛,17
볼루,3
션,7
Hyvolution,3
전개,3
만기,5
KAMA,4
Biz,14
바스프,11
PG,21
열다,12
연결고리,10
쾌거,3
높일,3
넘는,8
설정,1
Eco,1
Urban,1
양대,1
아르헨티나,24
기능,13
리얼,10
아르헨,4
그라비티,8
도쿄,9
게임쇼,8
직스,14
완제,9
공정,16
거래소,9
스팩,20
불공정,9
혐의,9
심리,13
경상북도,4
의회,2
표명,2
각축,3
국감,2
출석,2
망신,2
불편한,9
늘어나는,5
유출,14
회복한,2
중점,2
춤추나,4
여,16
새로고침,2
됐어요,2
윤현주,2
主食,2
기조,6
벗어나나,2
이강덕,7
요구,8
원론,2
되풀이,2
실망,3
스럽다,2
안건,2
상정,2
소재지,2
합의,4
충실히,2
상대,3
전남도,9
호미,2
쓰이,2
QA,7
RIST,2
둥지,3
어프,1
로티,1
움,2
쏟아,22
붓는,14
다투자,2
본색,1
철철,1
연수,3
벨대,1
CFO,7
철칙,1
Cash,1
is,1
king,1
누른,1
담금질,2
신용,1
관전,3
갈아입는,1
시보,3
비행,2
적신호,1
토픽,13
앤지,13
또다시,1
비야디,1
BYD,1
앞당기며,1
치솟는,1
원자,1
잿값,1
염호,13
소문,12
꺼낼까,10
한발,2
늦은,2
있을까,5
띄운,5
낭현,1
청장,3
가연,10
슈미트,10
산업혁명,2
머리,16
맞댄다,14
양양공항,9
∼,11
관광지,9
운행,12
김동연,39
단일,12
의향,7
떼,3
보류,2
미수,4
금부,1
진한,1
꺾인,1
금은,2
상당,1
진척,1
리더쉽,2
발휘,2
프라임,5
요금,5
㊱,2
강대국,2
꿈꾸는가,2
난감한,1
웃었지만,1
스트림,2
급변,1
김효선,3
전진기,3
시도,4
Meet,9
살펴본,11
올렸다,6
거둬,3
자로,1
비전으로,1
진열,1
kg,2
규,6
제비,1
한강,3
쥔다,6
靑,3
JV,8
멀다,7
에테르,3
호선,5
bar,3
만하,3
죠,3
직수입,2
특성,2
베타,1
나아갈,3
차익,3
김성복,3
주홍글씨,3
사라졌듯,3
일상,3
녹,3
김영두,2
℃,8
HOW,8
전금,2
바꿔야,4
화답,8
NIE,7
해줄,7
슈퍼히어로,7
IFC,2
컨퍼런스,4
신흥시장,2
간사,3
청라,1
생긴,1
시내버스,3
환충,5
꽂으면,4
펑펑,4
쥔,6
수소선,7
아태,4
천,16
명년,4
굴기,12
쏟아진다,2
손잡는다,4
강구,2
획기,1
앞장선다,5
안전성,3
에만,8
소용,1
조영철,21
일문일답,2
한종,1
봅시다,1
이승훈,1
인도,27
수립,15
모였다,1
학술,2
열려,7
회천,4
원료,24
지방,2
소멸,2
적임,1
공약,2
많은데,6
고요,6
그린워,8
싱,8
탐정,6
대선,1
MRO,1
공항,1
경제권,1
지키는,5
거세,8
좁아지는,5
등대,6
녹십자,3
엠에스,1
휘닉스소재,1
메디,2
키트,2
추경,6
기금,6
훈련기,11
수출입은행,12
걸림,11
CTO,12
로부터,13
듣는다,14
맞추는,13
FTA,1
스페인,13
붓는다,9
질서,1
퇴장,1
유도,3
분투,17
전자레인지,16
음식,16
데우고,16
휴대폰,16
수다,16
외출,16
김석,1
대도시시장협의회,1
두바이,2
시청,1
관광,1
대만,16
정보,24
풀었다,15
환시,4
서포터즈,2
포용,2
치매,2
탈탈,2
인구,2
붕괴,3
고향,1
영천시,1
자락,1
KOGAS,9
증대,1
개입,2
광탈,3
앞당긴,4
멕시코,1
토막,3
이건희,2
별세,1
故,1
星,4
태국,12
넥쏘,3
안팎,3
분주한,3
줄여야,2
노린,1
한솔,3
미만,1
대기오염,1
마주,1
후반전,1
갖춘,14
이광섭,8
포장,8
동해안,5
寶庫,5
신음,4
한반도,4
홍수,4
지지,10
과욕,4
틈,9
우린,16
주도하라,5
공해,2
년뒤,4
기업은행,2
쎈,1
영훈,1
도민,3
튼튼한,1
우산,2
충남지사,2
살랑살랑,2
양손잡이,1
춤추는,2
이라는,7
주장,2
괜찮을까,2
막바지,1
뉴욕,1
얼리,1
산타랠리,1
올까,3
㎿,8
병석,6
철도공사,6
중앙,2
국유,1
산시성,1
맹정호,2
서산시,2
재외국민,1
비대,2
진료,1
稅,1
핑크,1
공론,1
갸우뚱,1
공백,1
윤,21
개국,4
외교,19
노광위,1
ASML,3
요청,14
압력,3
증기,3
맡겨,3
가자,1
！,1
짭잘,1
완전한,1
국빈,32
韓美,31
보인,9
코닝,16
광양시,1
화성,17
SPC,6
연구개발,9
가이드,12
장장,1
지수,4
스케일,1
료더,1
네이쳐,1
사우스,1
스프,1
유턴,1
사설,9
비위,1
맞추다,1
이제야,1
바른,1
사도,6
필요성,1
광풍,1
힘써,1
지킬,1
아직,3
빌,2
게이츠,1
막힌,1
이중성,1
되,1
안주,13
했다간,13
자구안,1
바퀴,5
전기요금,1
연료비,1
연동제,1
표류,1
기해년,1
己亥年,1
압축,1
붙어,1
보수,1
김종신,1
原電,1
플레이,13
좌절,9
양기,1
협동조합,1
상파울루,1
떠오르는,3
이한우,1
추진단,1
드러낸,12
갈까,2
육상,4
신차,4
필요한데,1
혼란,1
겪는,1
GWEC,1
모인다,6
획일,1
인의,2
인도네시아,13
또다른,1
수성,2
먼,5
얘기,10
선신,3
구형모,3
박완수,1
나은,2
만들어,1
가겠다,1
쿠키,1
로운,2
삶,3
구미,3
웨이퍼,2
보령,4
BBC,5
김부겸,1
가보지,7
史,7
네브래스카,1
보탠다,3
탐구생활,3
원상,3
조건,8
비아,5
미노,5
서린,5
신테,2
카바,2
오진,2
뉴딜정책,4
나서다,7
도지사,3
eco,2
life,2
energy,2
information,2
one,2
day,2
역행,7
錢,2
부는데,2
블룸버그,2
인플레이션,2
완화,14
열악한데,1
폴리,9
억만,3
시마론,1
화산,3
가한다,3
고압,19
다차,7
후방,1
건의,2
채운,2
홍콩,1
몰리는,2
동반,21
아끼지,6
않겠다,6
역사상,2
민주,2
지리,5
모건스탠리,1
물량,6
완판,2
뻗는,1
GREEN,8
귀환,2
뱀,3
국영,1
앤엠,1
돼지,1
열병,1
파루,1
토요타,4
SMFG,3
숙원,2
레드,2
일주일,2
윤곽,6
시린데주,3
PPI,3
보합,3
기준금리,3
동결,3
業,3
이룰,3
처지는,2
a,2
美韓,2
면모,3
여원,2
실어,10
뜨는,7
Business,10
Summit,10
회원,5
굳히,3
나가스,3
재한,2
트랜스,1
메이,1
더미,1
해양전쟁,1
올랐다,1
타밀나두,3
인식,18
충격,8
능력자,6
시련,6
벽,8
분율,4
좁혀,4
뒷북,7
주도할듯,1
【,1
】,1
NbS,1
지적,3
달라,2
뿔,7
OO,12
올라,10
쏠림,8
심해질라,8
따내자,2
쓴,1
지령,2
발자취,1
셀대,1
당긴다,1
이준석,11
돌풍,11
하버드,11
맥주,11
그루,1
심고,1
보트,1
살리기,11
드리운,3
다이노,2
칩,2
텍우,2
방탄소년단,2
기필코,2
살리겠습니다,2
창원시,2
도시철도,2
㎞,3
앞당겨,1
진다,1
터키,1
흑표,1
MKE,1
알타이,1
테스트,1
산국,2
년내,6
공룡,3
움직인,3
인사단행,1
신기루,4
필살기,1
경제학,5
특이한,5
버마,5
오토,5
KMSB,5
차이나,6
최승,5
쑤닝,5
장진,5
둥,5
에이,5
동성제약,4
약품,4
방역,6
후원,2
파업,1
철근,1
IRQA,2
價,8
마법,1
경량,3
해마다,1
느는,1
협상,1
쌓는,3
나설까,1
떨치고,1
뚫고,2
덕분,1
철광석,1
거드는,1
최적화,2
경원,1
최원석,1
제정부,1
펀더,1
멘털,1
문어,1
정장선,2
평택시,12
직격탄,1
쪼그라져,1
독려,1
후판,1
덜었다,1
신아,1
승용차,1
예감,2
철관,1
연결,1
보호무역,1
안성훈,2
과는,2
벨주주,1
프렌드십,1
떠오른,1
뚜렷한,2
월등,2
이룬다,2
꾀해,2
광신,1
맞대,1
일색,2
이던,2
페트병,4
어망,2
담아라,1
리셋,5
활시위,2
당겨,2
뛴,2
시조,6
스판덱스,1
行,2
崔泰源,12
퇴보,12
재탕,11
탕,11
불과,11
불의,11
김영록,5
전남지사,3
전남도지사,1
美日,1
순조,3
비상하나,1
해서라면,1
넓고,3
강하다,4
짓겠다는,1
쓰겠다는,1
전반,8
메티슨,10
포브스,1
바라본,1
HydrogenUAMSPACE,1
하우스,1
다급해진,1
재산세,1
환급,1
테일러,1
파격,2
삼박자,1
날아오르는,1
氣,1
법정,1
진땀,1
닥친,7
여름,1
분양,5
워커,2
화한다,3
안경,1
애,1
여정,1
지구촌,1
과연,8
외투,8
ENEOS,1
여수산단,1
성사,1
무슨,4
쏟아진,4
비상할까,1
오봉,23
여수시,23
섬,1
박람회,1
용역,2
적금,1
교량,1
격려,6
좋아,6
이철우,2
울진,13
소국,2
가산,2
단조,3
유치할,2
목숨,8
걸고,3
철폐,2
내놓은,2
사이드,1
FfutureEecoDdigital,2
뭉쳐,5
살아남기,3
영일만,2
이원호,1
톡,2
창립총회,4
나서야,3
반기,6
낮출것,2
성향,2
오픈,5
최종,28
승리자,2
천수답,6
뿐,7
조천억원,6
쿠웨이트,19
박막,4
유전,4
여건,5
어려워도,2
LGGSLS,3
나선다신,3
늘려,3
兆”,2
조조천억,2
바이오연료,4
名家,3
창조과학,3
테일로,3
강력,3
두산인프라코어,6
보름,1
매머드,3
동참,3
다현,3
털고,2
왔다,2
비싼,2
주일,2
까,2
종잣돈,1
도련님,1
직결,2
수출입,2
나서지,2
치열,4
注油所,3
大役事,1
歷史,1
앞선,1
，,2
과업,2
중질유,1
지상,1
‥年,1
코스트,1
취업,3
광합성,1
재료,5
백서,1
갖춘다,1
´,2
이미,2
보면,2
어떨까,3
벨진가,2
페라이트,3
부가가치,3
톡톡대,1
육박,1
용두사미,1
분모,3
푼,4
메카,6
미시간주,1
월별,1
OLED,3
VR,2
콘텐츠,6
사냥,2
뚫다,2
재화,4
헬로,2
화재,2
보안,1
품는,1
전장,9
부르며,1
감사,3
TSMC,1
한판,1
싶다,1
대구,6
시키지,1
뺀,1
뽑은,1
혈맹,4
쏟아져,8
한미정상회담,1
일으키나,1
청취,1
높지만,1
외치,1
식었다,1
힘준,2
생각,1
다릅니다,1
저장장치,1
HMC,1
얼라이언스,3
작일,1
차례,1
몰리나,1
NEWSIS,1
FOCUSLG,1
차용,2
­,1
팩,1
진행중,1
골드러시,2
모여,2
再選,1
동맹국,1
훼손,1
EUV,2
미세,1
우위,6
소인증,1
세부,1
내용,1
년넷제,1
김성우,3
인파,3
세액,1
공제,1
집념,4
사라왁,5
활약,7
웨이,9
거대,6
선행,5
후속,4
후세,1
리서치,1
작고,1
지층,1
이끌었다,1
이끌다,1
늘어,12
골,1
이성,1
재무부,1
문장,1
PM,1
유정,1
행복해지구나,2
수료식,2
부금,2
전달,2
쉴,3
없다대,3
근황,3
처벌,8
TD,1
아크,2
쩐의전쟁,1
얼마나,1
광활한,3
뛰어난,3
찰떡,3
크리스,1
보웬,1
효용,1
오라,1
돌려,5
먹힐까,5
고지,1
낮은,1
크레딧,1
터닝,1
강종원,1
신들린,1
매매,2
韓日,8
얇은,1
구리,1
가선,1
발걸음,1
컬,1
뒤치다꺼리,1
등골,1
빠지는,1
헬스,2
수직,3
본계약,4
엿본다,1
차기작,1
인조,1
동행,6
책임감,1
사법,1
벗은,1
이르는,1
줄다리기,1
동조,1
열도,1
출발점,1
익도,1
광산,1
가스전,2
商社,1
biz,1
패션,2
리조트,1
多,1
WIKI,2
존스턴,1
지향,2
타령,1
벌어지고,1
중요할,1
판단,1
김창학,4
이니셔티브,1
국제사회,1
본기,2
있었지만,2
필요한,4
비트코인,1
환,1
치기,1
의심,1
송금,1
가계,1
통념,4
무색,4
뇌섹,4
⑬,4
디스플레이,37
패키지,4
쓸이,4
CFP,4
균형발전,1
충청,1
영남,1
호남,2
저가,1
치킨게임,1
치닫나,1
달도,1
이찬,1
브리프,1
판도,2
고침,1
Special,3
먹여,2
살릴,2
집중분석,1
지난,1
추이,1
녹색혁명,6
캐,1
α,2
⑱,2
여전히,2
많다,6
고열,1
추경호,1
임금,1
노동시장,1
초래,1
형호,1
왕좌,1
놓인,11
청와대,1
오갈까,1
SKCSK,1
쌀,1
으뜸,1
애국,1
다수,2
포진,2
손실보상,1
제화,1
반면,1
덱,1
땡큐,2
메이드,1
nan,100
창업,2
장세환,1
벤치마킹,1
모닝,2
붕,1
韓印尼,5
메탄,1
서약,1
밝혀,1
미얀마,2
밝힌다,1
광양,21
터미널,20
제청,2
유구,2
역청,3
입익,1
LF,1
달러화,2
쓸려고,1
극심한,1
경색,1
fn,2
KDB,2
패스,2
엠티,2
안다운용,1
환영,1
투자신탁,1
산림,1
권유,1
대행,1
모집,1
반응,1
대동서,2
전화,1
광저우,2
내연,3
승화,3
동안,2
장재훈,2
계단,3
오르는,3
버츄얼,3
휴먼,3
빼면,1
팔려,1
착시,1
쌓았다,1
BMW,1
멍청한,1
개설,6
시론,2
살리는,1
축구장,1
年,12
지게차,14
아군,2
줄어,1
달까,1
해도,1
지위,4
뚜렷해진,2
반년,1
우발,1
채무,1
아메리카,1
혁명,4
따라가,1
도정,1
대산,8
벌면,1
욕,1
먹는,1
SOil,2
안재,1
광,1
만성,1
s,1
횡제세,1
횡재,1
부과,1
들여다보니,1
가늠자,1
쏘,1
KCGI,1
한진,23
지분매각,1
슈로더,1
지옥,1
천국,1
신장,1
봄바람,21
수에즈,1
운하,1
사태,7
전전긍긍,1
는다,1
최악,2
유로,12
흔든다,4
북유럽,1
소녀,1
박상욱,1
마음,1
낮추고,2
직장,1
봄날,1
오려나,1
脫非,1
실세,1
왕세자,2
따라왔다,1
MT,3
재앙,1
고시,1
없애니,1
제혁,1
만족,1
고급,1
ⓝ,1
PSA,1
분화,1
화단,1
커넥,1
티비,1
지능,1
환담,1
감격,1
앨라배마,2
엔데믹,1
外資,1
최후,1
되살릴까,1
영석,1
초대,1
진정한,2
가려면,1
생산비,1
따,1
외국인,2
우정,1
성공할,1
문책,1
핀셋,2
차곡차곡,6
쪼개고,2
가쁜,2
반수소,20
루트,48
마쳐,3
공정위,35
빨라질,8
짓기로,4
앞당기는,9
JW,3
중외,3
KCC,3
소탈,7
잡자,11
아람,20
높아지,7
자손,7
나와,17
조용히,14
KET,2
호수,3
양산,14
이어진다,14
안산,33
서울시,5
변곡점,4
고약한,7
냄새,9
지만,10
괜찮아,7
영진,3
케,2
MWh,8
대리,3
중개업,3
손댄,3
압도,5
다가올,3
항공기,2
PPSK,1
ｍ,2
지름,1
담는다,2
보잉,1
들어갈,1
크기,1
內,2
가다,2
도용,5
기질,5
ubc,5
방송,5
YTN,1
낙찰,1
연일,6
이동채,1
해킹,1
경연,1
訪美,1
풀어야,1
美中,2
챙겨야,1
방일,4
전경련,1
학동,5
단비,4
전라남도,1
박정국,2
리걸타임즈,1
Leading,1
Lawyers,1
표면,5
다다,5
자간,5
코사,3
국토부,3
최우수,3
동연,4
김범,3
성전,5
연합군,5
막아,6
낼까,5
공영,9
전략기획,6
몰린다,6
아는,1
화력발전,1
쏟아질,3
케일,1
다퉈,21
교두보,6
추구,3
힙입어,2
주름,2
피나,2
와중,2
따냈다,5
빨아들인,5
파리,3
바게뜨,3
연산,10
양국,3
뛰자,4
키우나,3
확신,11
복판,2
오아시스,2
투심,2
맞춰여,2
어디서,3
뛸까,3
누린다,10
굵직한,2
쏟아졌다,2
넷제로,2
뛰어들다,2
나라,7
커진,20
허문,8
뜨겁다는,5
최준호,4
ABB,4
운영체계,4
방울,5
나는데,6
비닐봉지,5
터졌다,5
램,13
테크놀로지,12
가짜,12
보도자료,12
사건,12
롤러코스터,12
연관,17
되면,20
무섭게,17
매물,22
조선소,23
SKHD,9
시노펙,40
스라이,20
트론,22
삼보,20
덩실,40
폴라리스,20
한숨,20
강상,2
해양학,2
키우려면,2
파전,2
높아져,3
기대다,1
했을까,2
합동,3
마전,3
밖에,4
완만,4
경찰,5
청소,13
뽐내,6
key,2
뒤따라야,2
앞섰다,14
장차,3
러우,6
부진했던,6
죄,1
공습,1
급락,5
반격,1
혜안,1
빛나나,1
막중,1
시장점유율,1
급감,1
봐야,1
소가,6
세종,12
포천,3
근로자,6
추락,8
넘어야,1
허들,1
만치,1
않다,1
손잡아수소,8
여겨,12
이스트,12
지민,11
일본주,11
대세라는데,1
란,16
옥석,13
가릴,13
나온,1
싸이클,1
차린,1
물망,5
사면초가,1
쟁탈,3
보단,2
하고수소,8
만지작,3
쓸,7
Vs,5
차전지수소,4
만들겠다,5
주소,15
선진,2
붙나,2
코트라,6
NSW,4
놀,4
⑫,10
꽃힌,5
청록,8
news,1
경협단,1
귀뚜라미,1
함박,2
아시아나,2
납품,2
닮은꼴,4
이태희,1
JOB,1
채,1
민첩한,1
소비,15
예산,1
물살,2
쓰촨성,3
점령,2
쫙,6
만나러,6
갑니다,6
벌려놓은,2
도래,1
닦은,1
싹수,1
콕,1
방법,1
넥쏘향,1
뛰어든다,1
귀,2
만든다는,2
알,2
들었소,2
뛰고,4
쫓고,4
라는,9
내놓자,9
추월,10
제주도,13
성윤,10
굳혀야수전해,10
앞세우며,24
부산시,50
시공사,5
환경부,17
거대한,5
운동장,5
레이더,3
M,2
질,2
TCC,10
만호,10
NI,10
FIRE,9
TECH,9
소방,9
감회,9
thebell,9
League,8
Table,8
강중,8
김앤장,8
광장,8
고연,2
화점,2
피치,6
피앤,4
음극,7
재용,2
로서,1
↑”,1
현물출자,2
의한,1
애널픽,8
방산수,8
리온,2
합니다,2
올림,3
집안,2
과산화수소,14
우뚝합,4
작법,4
고순,4
동원,2
피해자,2
지원이,2
막후,2
동갑,3
이미지,15
지켰다,2
굳건,4
이르면,1
달래기,1
쏟는다,1
리부팅,1
올려라,1
nd,5
SREIssue,5
아이오,12
닉,13
Re,2
줄어드는,2
정유석,2
계기,12
용산,4
실록,3
사인,3
달라졌다,2
넘다,5
디스,8
카운트,8
역,4
불어온다,10
송상,1
북적,1
리움,32
소도시,4
차트,10
트리스,1
세울,1
경제성,12
축년,12
띄웠다수소,9
업보,3
하이버스,8
음달,2
페이지,2
많고,5
배관,4
EB,1
세워,5
퇴근길,3
Pin,3
빨리,3
올라탄다,4
Since,4
원조,7
성명,4
내놔,2
KD,2
KICT,7
폭염,7
모래바람,7
이겨,7
한국인,7
주어진,6
GO,3
바뀌었다,3
로컬거버넌스,1
서구,4
ESPlug,1
Power,1
맺다,9
콘셉트카,4
타자,3
김재균,1
항의,1
Big,1
Plan,1
안중,8
대중교통,2
소마,1
유전체,1
앞장선,2
LNGLPG,4
시운전,4
척당,4
씨아이,1
FTX,1
파산,1
코인,1
런,2
STUDIO,4
XU,4
론칭,4
티빙,4
널,4
워게임,4
백년,6
석호,6
밟아,6
추형욱,6
노림수,3
강범석,1
서구청,1
만으론,7
부족해,2
꿩,4
봉황,4
과잉,4
불구,4
꾸준히,4
사탄,9
㉓,2
시나리오,1
혼탁,1
출국,1
카젬,1
법적대응,1
견인차,2
존,3
파주,16
싱가포르,4
보건,4
도화성,3
원금,3
보장,3
넌,3
열광할까,7
살피기,1
英,1
최근,1
빈살,3
두드리면,4
대러,2
러,2
극동,2
에서의,2
러중,2
영규,1
문무,1
부유,2
거제,4
아세안,1
단추,1
꿴,1
DLSK,2
성장한계,1
살림,1
차린다,1
장쑤성,1
류창승,1
경리,1
십년지기,1
진실,8
잡고,1
합심,2
대가,1
나누고,1
호응,1
팍팍한,1
예산안,1
재훈,4
벨건,1
이왕,1
대개,1
구루,1
목민관,1
이용섭,2
광역시,2
조환익,1
당선,2
기밀,8
동삼성,3
배드,3
제압,2
기자회견,1
동산,1
잔액,1
파일럿,2
Focus,1
법률,1
FLC,1
무더기,1
주발,1
맥스,1
NG,1
개폐,3
폐품,3
빼는,2
빼,1
깊숙이,1
■,1
지방정부,1
오강,1
광주시,1
부지,11
그린벨트,5
아홉,1
문제점,1
밀릴,1
아우디,1
손잡자,1
도요타,1
대량생산,1
아주경제,3
국토교통부,3
먹을거리,3
고유,3
붙는다,3
끌어안다,3
알스코,4
비산,3
파역,3
TIPS,1
HSJ,1
태그,1
나인,1
이엠,1
비엔,1
파마,1
스마,1
피터,1
페터,1
기둥,3
이끌어,2
단단히,2
물음표,1
풀어,1
야할,1
열분해,1
떠올라,1
생애,3
빈손,1
태광,10
해머,2
쉬,2
않는다,2
급사,4
미스터리,1
전격,1
맺어,1
손고,1
잃어버린,2
되찾나,1
이호진,1
前,1
출소,1
되찾고,1
재기,1
廢,1
Weekly,1
러빙핸즈,1
되려면,1
GPU,3
엘코젠,15
코젠,1
연로,1
너머,5
만유,1
GE,8
ESHD,1
ESGE,1
운반,3
건조,3
소원,2
MSI,4
깨질까,4
三重,4
씬더,3
강해진,3
쐈다,3
물꼬,2
초컷,1
호피,1
노성일,4
으로서,1
호랑이,2
ESLS,1
여천,3
NCC,3
취약,7
위협,7
광차,1
서희,2
과징금,2
대방,2
어게인,1
⋯,4
이통,4
사색,6
엔터프라이즈,4
윤여철,5
빠져들다,4
일화,4
측근,3
AIG,7
국회,8
멘,5
RES,1
막판,1
써,1
뒤집었다,1
맺은,9
뻗는다,3
있다수소,3
씨레,2
밴,2
리트,2
정용진,2
해제,3
잠행,2
근간,6
뜨거워진다,1
가야,4
키우자,2
아이템,3
전방,6
위로,6
동관,1
덕돈,1
에쓰,1
물결,1
보이는,3
띄운다,2
붙었다,2
콘크리트,2
큐어,2
켜졌던,1
고등,1
혜택,1
금액,1
따져,1
최첨단,2
엘텍유,2
인덱스,4
컨버전,2
책임진다,2
정정,2
장애인,3
개관,3
수교,5
메인,5
수소단,4
타진,2
입맛,2
프레,3
세웠다,3
백억,2
맺나,3
용산구,2
주축,4
흩어진,4
아성,3
다임러,3
볼보,2
지스,5
강화한다,1
와이드,10
선길,10
쌍방울,10
찾다,10
행복,7
외도,2
받는다,2
되려,2
한솥,2
밥,2
가문,2
알짜,2
두려운,2
임인년,2
對美,1
죽지,3
않아,3
전과,1
달리는,1
들썩들썩,2
차담,1
최고점,1
데바,1
이든,1
미룰,2
적자생존,2
골몰,2
가세,1
콕핏,1
살아남,1
Ⅰ,2
메스,3
드라마,3
악역,1
이라,1
불리길,1
사외이사,4
걷은,1
축포,2
띠,1
COWBOY,1
실리는,1
강원도,1
기관차,3
있는데,2
키우나요,2
하소연,2
전일,1
치열해진,1
장선,1
패스트,2
팔로워,1
그만,1
안전하게,1
말리는,1
대통령실,2
배럴,3
비축,3
아빠,1
차는,1
노트,2
동물,1
메르스,1
교역,1
풀었,1
모델하우스,1
만들면,1
최원,1
유연한,1
m,1
오차,1
㎝,1
스승,1
전수,1
해준,1
넷플릭스,1
쌍용차,1
이끌것,2
불가능,1
주인공,1
되다,1
결말,3
막장,2
플라잉,2
정답,1
변하지,1
이스코,7
표정,1
엇갈리는,1
떼준,1
오히려,1
호호,1
병원,1
수종,1
컬러,1
치유,1
날았,1
다트,1
딩,1
리나,1
뉴애브,1
고해,1
부자,1
김원,1
갑,1
단점,1
완전히,1
젊어지는,1
앤츠랩,1
만큼은,1
젊어진,1
소프트웨어,1
주임,1
하려면,1
때론,2
하게,1
부드럽게,1
보스,1
이대,1
도강,1
강타,1
달라졌나,1
인물,1
더한,2
소년,2
GBW,2
보세요,2
코타,2
타케시,2
걸리나,2
삼정,4
KPMG,4
Lounge,4
거제시,6
생긴다,2
변동성,1
의류,1
케톤,5
채웠다,2
戰㉚,3
지계,2
소재효,2
늦추지,1
롱테일,2
응전,2
NW,1
전망대,1
띄웠다세계,1
이끌겠다,2
확고히,3
기대하이,1
심,1
상치,2
다나,3
쏟으며,1
폭증,1
단가,3
인하,3
ESCJ,10
통운,24
통근,9
다인,1
쌓는다,1
수자원,1
公美,1
켄달,2
강화합,2
작,2
랑세스,2
화물,2
공연,1
구간,1
″,2
다세,1
배기가스,1
줄인다,1
낸다수소,1
NGHC,1
옥사,1
곤,1
면허,1
취득,1
호반,2
KGSPC,2
늘었다,1
끈끈,2
유레카,1
뛰어들까,7
활기,7
켐,1
이리,1
뭉쳤,1
다합,1
작사,1
HP,6
ENI,14
SM,8
리테일,3
니드,1
들어서는,3
넘친다,2
한정,2
드러나는,2
이스라엘,3
북단,2
나왔다,3
다정,2
살이,3
아내,3
합친,2
여대,1
돌수,1
있어,1
역시,3
북,3
연탄,3
쏠까,2
박남춘,1
방향키,1
BPA,2
하니,1
웰,1
센트럴,1
견본주택,1
부영,1
마린,1
애시,1
앙,1
한시,1
일일,2
확진,1
품,1
노크,1
기공식,1
동아프리카,6
Im,2
Your,2
Energy,4
천대,2
넘어서자,1
베어스,2
타운,2
리프트,2
역주행,2
화정동,2
노동자,2
LGU,1
길땅길,1
견,4
단다,1
POP,1
★,1
News,1
대웅,1
테라,1
퓨틱스,1
약효,1
식도역류,1
질환,1
개량,1
신약,3
발매,1
섰다,1
범띠,1
메가트렌드,1
더냐,1
겹악재,1
고군,1
부업,1
띄운다고,6
투하,1
위기탈출,1
INTERVIEW,1
배양,1
숙의,1
류재,1
변호사,1
의식,1
묻다,1
가변,1
등록,1
지어서는,1
輸銀,2
두쿰,9
수은,6
Leader,1
황금알,2
캐고,1
열고,1
힘들다,1
LGGS,1
선보일,1
머뭇거리는,3
드디어,1
증발,1
실종,1
군침,2
소화,2
식물성,2
HVO,9
이탈리아,4
니,4
바이오디젤,4
세우기로,2
伊,10
엘리엇,2
배상,2
간호,2
특별한,3
전북,2
소농,2
용인,2
핌,1
라씨,1
에버,1
무덤,1
성현,1
솔포드,1
코치,1
그나,2
트레인,2
수조,1
간의,4
대판,4
FE,2
최신,2
스텔,1
란티스,1
내놓을,3
케미컬,2
HL,2
측,3
설문,4
들고,4
지혜,1
자세,2
투기,1
BM,1
일수록,4
장판,4
띄우는,2
UNIST,1
합성수지,1
유니클로,1
배저,1
탑재,1
띄우나,1
리차,1
SOEC,2
조성하,1
출퇴근,3
맞나,1
＆,1
텍슨,2
프로야구,1
통신사,1
인지도,1
내리고,1
선재,1
EnBW,1
터뜨렸다,1
선봬,1
이제훈,1
사직,1
사임,1
이런,1
보여줬다,1
세번,1
기는,1
SGC,2
필지,2
잠실,1
재건축,1
심의,1
선전,3
EGG,2
귀감,2
interviewIT,1
불리기,5
손병두,1
밀컨,1
콘퍼런스,1
자본시장,1
페라리,1
넥슨,3
티넷,2
비디아이,2
한가,2
꺼내든,1
우선주,1
박빙,1
격화,1
ꞏ,1
한지붕,1
No,1
수수료,1
덜컥,1
범의,1
쓸어,1
展,3
은둔,1
벗어난,1
그게,1
입니다,1
넘나,1
만여,1
개조,1
현모,2
적격,1
판정,1
복수,1
차기,1
선출,1
수도,1
빙,3
色,3
매도,3
김소미,1
낙점년,1
밀어주고,1
자르고,1
어렵다,1
무려,1
폭등,1
했다수소,1
뜨자,1
워,10
사각,10
지대,10
심각,10
남은,10
KS,10
보정,10
계수,10
남아,10
본캐,1
부캐,1
기대하는,1
쏟아졌지만,2
알맹이,2
냉소,2
Koreas,2
big,2
names,2
expect,2
benefit,2
from,2
postIPO,2
Aramco,2
boom,2
Saudi,2
터지는,4
태운,2
고조,3
한층,4
하길,4
불안감,1
MEMC,1
웅진,1
씽크빅,1
수자,1
다지기,1
픽했던,1
머니다음,1
봤나,1
하이마트,1
윈윈할,1
해빙,1
무드,1
패널,1
국한,1
옮겨,1
에탄,5
크래커,5
EG,5
악성,1
재고,1
턴다,1
대량,1
低,1
폭우,1
예보,1
펴라,1
對中,1
한중,1
HSD,1
더벨늪,1
더딘,1
약화,1
캡,1
비디,1
도달,1
이탈,1
환자,1
씨젠,1
적수,1
차전지부터,1
SDSNHN,1
넉넉하다,1
外人,1
Story,2
잇는,2
윤하,2
정우,2
산기,2
한덕수,1
막내,1
펄,1
어비스,1
더세,1
先代,1
직조,1
넵튠,2
브레인,1
PI,1
반사,1
불화수소,1
차시대,1
이웅,2
아모레,1
경배,1
IMF,1
외환위기,1
이수영,1
워터,7
블루칩,1
넘긴다,1
연기,1
나섰지만,1
미미,1
풍문,1
추적,1
렌즈,1
X,1
머티,1
금지,1
품목,1
상품,1
이참,1
WTO,1
제소,1
취하,1
열릴까,1
켜졌다,1
순도,2
더벨년,1
metro,1
손상,1
차손,1
활성탄,5
당진항,2
부두,1
액화천연가스,1
공주,1
단내,1
들어서,1
트루윈,1
트루,1
윈,1
천만,1
싸진다,1
이베코,3
내놓는다,2
HE,9
와트,1
도르,1
그런데,2
대차,1
잇따르는,1
AAM,3
버,2
슬립,2
렌더링,1
저격,1
TBC,2
승용,1
헤리티지,2
계승,2
높아지는,1
환호,3
공원,3
풍부한,1
편집장,2
편지,2
갖는,2
만났다수소,1
택배,1
굴삭기,1
국민은행,1
금융업,1
앱티브,3
추격자,1
서로,1
물려,2
카수소,1
레일,1
깔다,1
뛰었다,1
HPC,4
탄산,1
회수,2
뽑고,1
드라이아이스,1
진짜,1
거부,1
실려,2
혼합,2
자일렌,2
개봉,1
박두,1
매일,1
넥소,1
야전,1
사령관,1
차리,1
HHM,2
오르나,1
와도,1
연봉,1
있으면,2
크리스마스,2
무료,2
관람,2
VOD,2
中•日,1
자존심,1
걸린,1
증자,1
하던,1
찾을,1
일장일단,1
주정,1
나흘,1
％,1
재사용,1
정식,1
